﻿<?xml version="1.0" encoding="utf-8"?>
<HelpTOC>

  <HelpTOCNode Title="GR-Family Library" Url="html/5888f0ce-4ed6-43eb-aacc-01c92559638b.htm" />
  <HelpTOCNode Id="48beb383-3bf7-48c9-a5c3-171d9c2c7284" Title="Version History" Url="html/d1f02da2-e878-47d4-b3ca-c17b39a62500.htm">
    <HelpTOCNode Title="Version 1.0.0.0" Url="html/565d0628-f2ec-4464-a202-d94607473dde.htm" />
  </HelpTOCNode>
  <HelpTOCNode Id="576edaef-9dbc-4ec3-9941-2dac3e2cb2f4" Title="GrFamily.ExternalBoard" Url="html/4e4670cd-8183-e911-656b-720b08ef2b43.htm">
    <HelpTOCNode Id="3a6eb8f7-e234-4f25-82aa-f7ec2f1fed39" Title="Accelerometer Class" Url="html/602efda2-f899-0693-d390-0f7aff49e81c.htm">
      <HelpTOCNode Id="a01ecae6-0382-48e6-9d47-eac75d2de82c" Title="Accelerometer Properties" Url="html/2be5d3bf-6c1a-bbcb-4b36-404618e67a65.htm">
        <HelpTOCNode Title="Interval Property " Url="html/79456d2c-6506-a4ae-62bd-ee2a2457e07b.htm" />
        <HelpTOCNode Title="MeasurementRange Property " Url="html/8fbdbbfc-f770-2036-3189-74229559b70f.htm" />
      </HelpTOCNode>
      <HelpTOCNode Id="abb4f08d-a263-473f-b394-7dad7b7eef09" Title="Accelerometer Methods" Url="html/6011c334-11b4-3ad8-665e-a8be94d724ac.htm">
        <HelpTOCNode Title="GetX Method " Url="html/f042cff7-6e6c-bed0-ccac-82a5c536a85f.htm" />
        <HelpTOCNode Title="GetXYZ Method " Url="html/18845040-627d-ea05-12c8-81c219c51a0a.htm" />
        <HelpTOCNode Title="GetY Method " Url="html/82d0d30b-e2c2-1665-769d-c76c3c0095ff.htm" />
        <HelpTOCNode Title="GetZ Method " Url="html/870f4a6d-1527-5b29-0b6a-5bc7183992f6.htm" />
        <HelpTOCNode Title="StartTakingMeasurements Method " Url="html/dd13afa4-d8b3-5852-7aac-980cad948b8f.htm" />
        <HelpTOCNode Title="StopTakingMeasurements Method " Url="html/6d142d32-00db-fcef-e4e5-540b51b9cf6b.htm" />
      </HelpTOCNode>
      <HelpTOCNode Id="7e658651-f7b8-4481-a694-bcfd761eccdf" Title="Accelerometer Events" Url="html/c4752299-8d8b-e20b-dacf-0e59917be1da.htm">
        <HelpTOCNode Title="MeasurementComplete Event" Url="html/70c160ec-3549-4a8a-9afd-6c1479a107ac.htm" />
      </HelpTOCNode>
    </HelpTOCNode>
    <HelpTOCNode Id="99010bfc-5b81-4ed9-aacb-d0576c587967" Title="Accelerometer.MeasurementCompleteEventArgs Class" Url="html/a55f83df-7cb9-3e48-1e0a-c558fea71d15.htm">
      <HelpTOCNode Title="Accelerometer.MeasurementCompleteEventArgs Constructor " Url="html/de13272c-2630-9f70-37c6-6fcad12cba4c.htm" />
      <HelpTOCNode Title="MeasurementCompleteEventArgs Methods" Url="html/4231fd5a-b0f2-edbb-cdcd-7094a649d7a9.htm" />
      <HelpTOCNode Id="479ca508-4e5e-4455-b6a6-fe4b8ec2d0df" Title="MeasurementCompleteEventArgs Fields" Url="html/30a7f946-5ef9-8f7d-7555-6b7a71e0808c.htm">
        <HelpTOCNode Title="X Field" Url="html/9b848334-d2d0-1bab-f3d7-565d55bbae3e.htm" />
        <HelpTOCNode Title="Y Field" Url="html/f3b672e1-20f3-65a6-8f5b-7c7616339d85.htm" />
        <HelpTOCNode Title="Z Field" Url="html/b2e4ad39-8935-a2b9-0530-d9a23167765e.htm" />
      </HelpTOCNode>
    </HelpTOCNode>
    <HelpTOCNode Title="Accelerometer.Range Enumeration" Url="html/ffb9f291-dee2-7396-8d0f-7a011fb79148.htm" />
    <HelpTOCNode Title="AccelerometerMeasurementCompleteEventHandler Delegate" Url="html/44b9cc91-c481-b50a-5bcf-919173e6c400.htm" />
    <HelpTOCNode Id="851d82a7-526b-48be-9d35-93141820b70d" Title="SensorBoard Class" Url="html/271b4b8d-bad2-0edd-82f4-7d8d9b3dedb3.htm">
      <HelpTOCNode Id="b9ea3b05-9723-464e-aa7c-fc74cd4273c5" Title="SensorBoard Constructor " Url="html/7ad9c7ef-3cef-31a1-ea68-860705c7d659.htm">
        <HelpTOCNode Title="SensorBoard Constructor " Url="html/599d166f-19f7-d58a-af21-b8b598f6ebf9.htm" />
        <HelpTOCNode Title="SensorBoard Constructor (Double, Double)" Url="html/3307d955-c704-ef6e-9025-db1809e5d37c.htm" />
      </HelpTOCNode>
      <HelpTOCNode Id="bbc2b337-9e6f-4447-8718-6c73a709abfd" Title="SensorBoard Properties" Url="html/94915c06-a45e-6cfd-8a90-e4702a05d55c.htm">
        <HelpTOCNode Title="Accelerometer Property " Url="html/4d2ac51a-53db-74e1-f897-9428524b7054.htm" />
        <HelpTOCNode Title="Temperature Property " Url="html/6f478080-6156-3ec1-3ac4-656e28f5f882.htm" />
        <HelpTOCNode Title="Terminal Property " Url="html/1884fae0-7175-924c-43e2-556e52dbb3e9.htm" />
      </HelpTOCNode>
      <HelpTOCNode Title="SensorBoard Methods" Url="html/78d9eebe-480e-db0d-12ca-a27d7a30b504.htm" />
    </HelpTOCNode>
    <HelpTOCNode Id="3e03b04a-1225-40b7-b795-c85de0d7ba7e" Title="SensorTerminal Class" Url="html/9da262c3-9475-b93c-2317-7dd8e5f17ed9.htm">
      <HelpTOCNode Title="SensorTerminal Constructor " Url="html/aefd4ee8-c4c1-c6ba-59af-ea7a98c02918.htm" />
      <HelpTOCNode Id="47dac9a5-f17c-4eaa-9600-4a7b57f36556" Title="SensorTerminal Properties" Url="html/dee9d3ef-8fe7-b83d-35ed-934931a3a71b.htm">
        <HelpTOCNode Title="Interval Property " Url="html/3421734f-08e8-f907-2d6c-276c89e2652d.htm" />
      </HelpTOCNode>
      <HelpTOCNode Id="35c8ff5a-e90b-4eee-ab94-b115937ee500" Title="SensorTerminal Methods" Url="html/b9b321fc-be92-e895-0353-17b87978813b.htm">
        <HelpTOCNode Title="Read Method " Url="html/a8f6a5df-48b4-261d-9677-888fc11dc6dd.htm" />
        <HelpTOCNode Title="ReadRaw Method " Url="html/5d8b488c-f1d5-114a-f5d8-9c2be0f9fcde.htm" />
        <HelpTOCNode Title="StartTakingMeasurements Method " Url="html/fa00e196-7ba8-56e5-50c8-64972cb5f2ea.htm" />
        <HelpTOCNode Title="StopTakingMeasurements Method " Url="html/20f09966-fcc1-3b9e-27ef-bb5f6df7bdbb.htm" />
      </HelpTOCNode>
      <HelpTOCNode Id="f9cc9a7c-2699-4b03-9f7c-5a2b979a60ed" Title="SensorTerminal Events" Url="html/73511c64-7160-e0f6-0047-835c76545b2a.htm">
        <HelpTOCNode Title="MeasurementComplete Event" Url="html/7f820517-7fd3-8546-f8e8-50046c716a5d.htm" />
      </HelpTOCNode>
    </HelpTOCNode>
    <HelpTOCNode Id="28c5107f-2769-43b3-8f3d-58e7b322c622" Title="SensorTerminal.MeasurementCompleteEventArgs Class" Url="html/bb26c615-8858-0ebe-c2e2-df64b946bc67.htm">
      <HelpTOCNode Title="SensorTerminal.MeasurementCompleteEventArgs Constructor " Url="html/76b65cfc-f66a-aed0-463a-9d2bb79cd49a.htm" />
      <HelpTOCNode Title="MeasurementCompleteEventArgs Methods" Url="html/c523f5a9-31e2-f868-49fa-dce36016acff.htm" />
      <HelpTOCNode Id="b8568b0d-b911-44be-9dd5-a87b634802c0" Title="MeasurementCompleteEventArgs Fields" Url="html/ee5b80e2-2901-ff5e-166b-0ca2a0b78b0c.htm">
        <HelpTOCNode Title="RawValue Field" Url="html/203da3ea-75cf-77fe-db68-72e82c9eeda0.htm" />
        <HelpTOCNode Title="Value Field" Url="html/43b603a1-1420-3d7b-8b35-c47b0b51c393.htm" />
      </HelpTOCNode>
    </HelpTOCNode>
    <HelpTOCNode Id="b4d60b76-a13d-4a22-908b-95504d8a70f3" Title="Temperature Class" Url="html/203fdc44-022e-b45d-30cc-e9817a525f8a.htm">
      <HelpTOCNode Id="f4522871-744b-49d5-b787-035ac0dcc5ad" Title="Temperature Properties" Url="html/473ce472-c5cc-659d-cb77-79f2f078d87a.htm">
        <HelpTOCNode Title="Interval Property " Url="html/812d05bc-c7e4-2d1e-b7a8-2564daa1884f.htm" />
      </HelpTOCNode>
      <HelpTOCNode Id="8c2ff01b-fe0a-4bd3-8a79-6dad3b1e1e0c" Title="Temperature Methods" Url="html/fdf1671b-53a7-4d87-2615-da39978d24df.htm">
        <HelpTOCNode Title="StartTakingMeasurements Method " Url="html/7e8a7620-69b7-bd42-b93c-1019ac10ddc7.htm" />
        <HelpTOCNode Title="StopTakingMeasurements Method " Url="html/3134860d-3fdb-07b9-99b3-4c3320f4045a.htm" />
        <HelpTOCNode Title="TakeMeasurement Method " Url="html/35edc9d1-a49f-2ab0-aeaf-37867609f155.htm" />
      </HelpTOCNode>
      <HelpTOCNode Id="c622f2a2-1f9e-4081-811a-a1fac5727ca4" Title="Temperature Events" Url="html/dcd6c89b-8429-39ca-42ef-9e42700875d8.htm">
        <HelpTOCNode Title="MeasurementComplete Event" Url="html/4609fbe7-3c0a-4586-02b6-5c61bc14626d.htm" />
      </HelpTOCNode>
    </HelpTOCNode>
    <HelpTOCNode Id="fda9d0eb-8dd7-4b47-b451-8562f9a51045" Title="Temperature.MeasurementCompleteEventArgs Class" Url="html/a3b1eb39-0eb0-a668-4064-5443c16f0a8c.htm">
      <HelpTOCNode Title="Temperature.MeasurementCompleteEventArgs Constructor " Url="html/1bbd64d2-8cbc-c5c4-e314-febc644192f7.htm" />
      <HelpTOCNode Title="MeasurementCompleteEventArgs Methods" Url="html/9e5b40b8-5f2b-4958-752b-b38595910db5.htm" />
      <HelpTOCNode Id="1c2c942c-9fee-4d3f-9cd2-689e4e727357" Title="MeasurementCompleteEventArgs Fields" Url="html/ade55bed-4b5a-c8b6-70ec-5c331eb91230.htm">
        <HelpTOCNode Title="Temperature Field" Url="html/4c6237d6-74b9-2986-35ab-6eb1214d94fd.htm" />
      </HelpTOCNode>
    </HelpTOCNode>
    <HelpTOCNode Title="TemperatureMeasurementCompleteEventHandler Delegate" Url="html/57250975-5624-64c1-1563-2e97bf94eb0b.htm" />
    <HelpTOCNode Title="TerminalMeasurementCompleteEventHandler Delegate" Url="html/06efa035-abbb-8582-49d1-cc8e98bae48d.htm" />
  </HelpTOCNode>
  <HelpTOCNode Id="bc1afcfd-0ee5-444c-ab11-edc58f8c01f5" Title="GrFamily.MainBoard" Url="html/f7001cd3-e0b1-ea0d-8b31-b4e7abf3d297.htm">
    <HelpTOCNode Id="eed70872-f73e-4bd5-81ff-067495e26964" Title="Button Class" Url="html/3041a183-1752-20f2-e19e-449a3eecc9d4.htm">
      <HelpTOCNode Title="Button Constructor " Url="html/00e7d5fe-12a1-4973-7db5-76fbdb637e6c.htm" />
      <HelpTOCNode Id="732fec0c-05ca-42c8-b974-162cfd7bff53" Title="Button Properties" Url="html/d4b2a261-fd55-5002-a6f2-d7c85d94cdfa.htm">
        <HelpTOCNode Title="IsPressed Property " Url="html/a9b0a87a-9e8c-861c-4ed7-374b0583554d.htm" />
      </HelpTOCNode>
      <HelpTOCNode Title="Button Methods" Url="html/1cc57e1e-f298-ac2d-2a47-c87b9273ae38.htm" />
      <HelpTOCNode Id="6fd7a2ac-56b9-4aa0-ae3f-bb9e31f64c2c" Title="Button Events" Url="html/fa796f0a-194c-fda7-9bb5-2c8be24123e0.htm">
        <HelpTOCNode Title="ButtonPressed Event" Url="html/74adf32e-361c-be6f-6545-46359f266139.htm" />
        <HelpTOCNode Title="ButtonReleased Event" Url="html/e234bf8d-4498-acb5-c76f-f2e77d1ca291.htm" />
      </HelpTOCNode>
      <HelpTOCNode Id="ef303237-6b8f-4ed1-890b-1087ef215882" Title="Button Fields" Url="html/2ec9fde8-6a6f-2069-ed48-3fd66c44796c.htm">
        <HelpTOCNode Title="ButtonPort Field" Url="html/6bee980b-eaca-dfb8-7c16-4f2c5bcd3f1e.htm" />
        <HelpTOCNode Title="PrevPressed Field" Url="html/c0ab4ff8-7fc3-e1e6-1426-738af2639c78.htm" />
      </HelpTOCNode>
    </HelpTOCNode>
    <HelpTOCNode Title="ButtonState Enumeration" Url="html/28f354a4-1e31-85ee-f277-487e7a9b430e.htm" />
    <HelpTOCNode Title="ButtonEventHandler Delegate" Url="html/85cb34eb-2c1f-55ab-2299-a14df91e83b3.htm" />
    <HelpTOCNode Id="d7bc9a1e-72de-40f5-8137-66c3554547b4" Title="DebugLed Class" Url="html/ce67b6ad-0437-f528-892b-dc94ffcf8f94.htm">
      <HelpTOCNode Title="DebugLed Constructor " Url="html/db251d6c-03d0-bba7-78b9-3bc7e4b45ed1.htm" />
      <HelpTOCNode Id="e3a90f71-7395-49b1-bd97-f3ec4523ec05" Title="DebugLed Methods" Url="html/da936ffd-519b-89ae-ce7e-77685937ff0a.htm">
        <HelpTOCNode Id="181bb8e1-a770-4ac0-85b2-6a5cbbe0ea97" Title="PulseDebugLed Method " Url="html/cdc2c8c6-9f93-cf0a-3c01-90aea92e720f.htm">
          <HelpTOCNode Title="PulseDebugLed Method " Url="html/5e00c2b0-f4d9-27dd-104c-ae3e14edede6.htm" />
          <HelpTOCNode Title="PulseDebugLed Method (Int32, Int32)" Url="html/ecf81955-7a3d-3d29-dd71-21d117eecc1e.htm" />
        </HelpTOCNode>
      </HelpTOCNode>
      <HelpTOCNode Title="DebugLed Fields" Url="html/e14136a5-94a3-4923-f284-172f3d336768.htm" />
    </HelpTOCNode>
    <HelpTOCNode Id="a5ba6c53-8a02-483e-b545-b1a4f7ca2c4d" Title="Led Class" Url="html/23a883aa-e314-38bb-3522-4f3ac8301519.htm">
      <HelpTOCNode Title="Led Constructor " Url="html/9ab31a9f-1ce1-4ff8-b598-8bc0514c8b8f.htm" />
      <HelpTOCNode Id="90cb6eff-66bb-4aa6-ac7d-dcaf4ea58d50" Title="Led Methods" Url="html/2c010d33-0975-a2e0-1302-67c75b68336b.htm">
        <HelpTOCNode Title="SetLed Method " Url="html/3057f709-31b1-06a7-de97-911e682019a3.htm" />
      </HelpTOCNode>
      <HelpTOCNode Id="1f0cf1d8-f357-4805-9763-c0decbfc691e" Title="Led Fields" Url="html/dd3648b4-0d08-0a71-36fb-88558f407487.htm">
        <HelpTOCNode Title="LedPort Field" Url="html/063657dd-eaea-bb3d-79f3-d5ca0fbf0d3b.htm" />
      </HelpTOCNode>
    </HelpTOCNode>
    <HelpTOCNode Id="b192e91e-9e57-4474-bd76-497aafb3a5d1" Title="Peach Class" Url="html/fc332625-22af-93aa-31a1-6fbe09f0a818.htm">
      <HelpTOCNode Title="Peach Constructor " Url="html/d23da9bc-7c88-5bf5-a691-dbe84dcfcdbe.htm" />
      <HelpTOCNode Id="f5b896e7-3d0f-4a4d-881a-3eb6b45d8051" Title="Peach Properties" Url="html/882d9c5e-23e2-5539-3c59-b6a28bb7b813.htm">
        <HelpTOCNode Title="Button Property " Url="html/fd718483-2de1-ad98-008c-b6c6364dad40.htm" />
      </HelpTOCNode>
      <HelpTOCNode Id="fdc00efb-8df2-4f19-a6b4-f56e3197d92b" Title="Peach Methods" Url="html/9803c04d-5e39-b820-059d-3d015c45e322.htm">
        <HelpTOCNode Id="32bb9936-e5c5-41f3-a4d1-b272ea968068" Title="PulseDebugLed Method " Url="html/f6b9cc47-343b-570c-a4d5-c50f497bf069.htm">
          <HelpTOCNode Title="PulseDebugLed Method " Url="html/6e6f97c1-5bc4-23ef-f321-782868993b5e.htm" />
          <HelpTOCNode Title="PulseDebugLed Method (Int32, Int32)" Url="html/49e5a918-c5bd-93bd-6d10-c4fe2a993ac3.htm" />
        </HelpTOCNode>
        <HelpTOCNode Title="SetColor Method " Url="html/8acbcc35-6ee8-12c5-28a6-454f750fa5c6.htm" />
        <HelpTOCNode Title="SetDebugLed Method " Url="html/56f427d6-83dc-071c-3b96-94c9e67ec6d9.htm" />
        <HelpTOCNode Title="SetLeds Method " Url="html/1a5053f6-c389-aebd-a754-eae1deac3a6c.htm" />
        <HelpTOCNode Title="TurnAllLedsOff Method " Url="html/ebaa355e-a603-e18a-30ff-adf112280fc5.htm" />
      </HelpTOCNode>
    </HelpTOCNode>
    <HelpTOCNode Title="Peach.Color Enumeration" Url="html/c7160db7-dbb1-bcb9-e497-b3f07bbad3e7.htm" />
    <HelpTOCNode Id="f6c9e805-1096-4a10-9198-d9cb3f2816cc" Title="Pins Class" Url="html/26f3c186-b310-f05b-421e-2139885166cb.htm">
      <HelpTOCNode Id="bf130fab-46f9-41b4-94e9-0b9bdc124554" Title="Pins Fields" Url="html/1e90b728-dac9-2515-b556-e29d3d5d376e.htm">
        <HelpTOCNode Title="ANALOG_0 Field" Url="html/0d470d28-9352-83b0-032f-9eab6aed9354.htm" />
        <HelpTOCNode Title="ANALOG_1 Field" Url="html/97ba1947-2243-7416-27b8-efe1f9f1e9c0.htm" />
        <HelpTOCNode Title="ANALOG_2 Field" Url="html/7b583029-71ae-8cad-9b92-13b203812617.htm" />
        <HelpTOCNode Title="ANALOG_3 Field" Url="html/5ef7ae42-eb84-36ee-4a6e-4a1e61159778.htm" />
        <HelpTOCNode Title="ANALOG_4 Field" Url="html/a424e8cd-3551-a9b2-a96a-39c6e5ad2dbe.htm" />
        <HelpTOCNode Title="ANALOG_5 Field" Url="html/219c0bdd-dd57-70c5-7866-ed093d6f05a6.htm" />
        <HelpTOCNode Title="GPIO_PIN_A0 Field" Url="html/c0f116f5-4551-9ee1-182f-2c75b65c9c4a.htm" />
        <HelpTOCNode Title="GPIO_PIN_A1 Field" Url="html/95baab29-6121-7392-bc2e-f9fbec02e06e.htm" />
        <HelpTOCNode Title="GPIO_PIN_A2 Field" Url="html/9a3607bd-e8f8-eee6-66b1-bed4605909b9.htm" />
        <HelpTOCNode Title="GPIO_PIN_A3 Field" Url="html/2c9d168e-2275-df91-9de1-60fe0923e94e.htm" />
        <HelpTOCNode Title="GPIO_PIN_A4 Field" Url="html/fd41adc6-a10b-8ee4-68d2-7ddbe1027231.htm" />
        <HelpTOCNode Title="GPIO_PIN_A5 Field" Url="html/095ebbca-9044-6271-61c8-6b2bcb8b384a.htm" />
        <HelpTOCNode Title="GPIO_PIN_D0 Field" Url="html/bfce9ce5-56be-3984-c965-96ddb42ae141.htm" />
        <HelpTOCNode Title="GPIO_PIN_D1 Field" Url="html/6f013ed7-123b-6486-e1a2-d10870b9b12f.htm" />
        <HelpTOCNode Title="GPIO_PIN_D10 Field" Url="html/99a280a4-9118-5094-a4ae-53f4761aef17.htm" />
        <HelpTOCNode Title="GPIO_PIN_D11 Field" Url="html/75733a39-26f5-1365-fbe0-e45c4892b2cd.htm" />
        <HelpTOCNode Title="GPIO_PIN_D12 Field" Url="html/b2bab19f-e9c2-0770-a1ca-8a17f2f354c5.htm" />
        <HelpTOCNode Title="GPIO_PIN_D13 Field" Url="html/955598dc-ba41-b9be-5e54-c51c84b2bca8.htm" />
        <HelpTOCNode Title="GPIO_PIN_D14 Field" Url="html/8b8df4cb-943e-cb48-4edf-9866527fc233.htm" />
        <HelpTOCNode Title="GPIO_PIN_D15 Field" Url="html/fac83284-3f91-1a91-8f7b-4beb3a96f80f.htm" />
        <HelpTOCNode Title="GPIO_PIN_D2 Field" Url="html/29cb321a-2fca-600a-3361-fdce14f263d9.htm" />
        <HelpTOCNode Title="GPIO_PIN_D3 Field" Url="html/b5648bf5-a006-4522-d2ad-0269168f2d26.htm" />
        <HelpTOCNode Title="GPIO_PIN_D4 Field" Url="html/dbd0ce94-68e3-66f1-d143-0fc87d3030f3.htm" />
        <HelpTOCNode Title="GPIO_PIN_D5 Field" Url="html/c6fce7b7-af53-44c9-46b1-340ccbf11b37.htm" />
        <HelpTOCNode Title="GPIO_PIN_D6 Field" Url="html/4697e6e2-76ef-b4f0-0b8e-1b914a94a28c.htm" />
        <HelpTOCNode Title="GPIO_PIN_D7 Field" Url="html/af2d0db8-fe63-d853-47fd-9ab66e8cd736.htm" />
        <HelpTOCNode Title="GPIO_PIN_D8 Field" Url="html/9f5900b2-b196-c448-eb37-0d27a01f0b76.htm" />
        <HelpTOCNode Title="GPIO_PIN_D9 Field" Url="html/6d17a0a8-2429-fd19-08ee-1f3db7aa1870.htm" />
      </HelpTOCNode>
    </HelpTOCNode>
    <HelpTOCNode Id="a01c94c8-fa4d-4f09-824c-aa0c49413610" Title="Sakura Class" Url="html/a458882d-c7db-aed7-0c29-24dee9ac1557.htm">
      <HelpTOCNode Title="Sakura Constructor " Url="html/05b3e53f-c3d8-a343-6468-b59cd7136109.htm" />
      <HelpTOCNode Id="22dddbe0-6142-4ec6-a810-079583eb7311" Title="Sakura Properties" Url="html/66efb894-e42f-b865-ab62-90755963484f.htm">
        <HelpTOCNode Title="Button Property " Url="html/1ab80973-6a0a-8a6d-6d05-efb059ad5409.htm" />
      </HelpTOCNode>
      <HelpTOCNode Id="3f6a5573-dd48-4ebf-b822-f8910962e639" Title="Sakura Methods" Url="html/9857aebe-f685-2e43-9f30-1d397ae56e10.htm">
        <HelpTOCNode Title="Animate Method " Url="html/21cc001a-31e2-b97e-113a-317fd3118c01.htm" />
        <HelpTOCNode Id="a80415be-662e-4fc9-b18c-35e187be1f2e" Title="PulseDebugLed Method " Url="html/eb17c73c-9700-c821-aeff-f899298bde5e.htm">
          <HelpTOCNode Title="PulseDebugLed Method " Url="html/3eef5a73-8f08-6321-fe24-9de31d45f147.htm" />
          <HelpTOCNode Title="PulseDebugLed Method (Int32, Int32)" Url="html/47f8158b-1dde-9bbb-93f2-fe61520ca035.htm" />
        </HelpTOCNode>
        <HelpTOCNode Title="SetDebugLed Method " Url="html/bb84f037-49f3-f6c7-cab8-9362f99e36ef.htm" />
        <HelpTOCNode Id="d596ad41-c39a-42cd-9b6a-327d189bbda2" Title="SetLeds Method " Url="html/3f8b14e7-9337-2a85-c6ad-9cab85d9d58a.htm">
          <HelpTOCNode Title="SetLeds Method (Int32)" Url="html/488064b2-83dc-7bf8-8780-3273b7841aad.htm" />
          <HelpTOCNode Title="SetLeds Method (Boolean, Boolean, Boolean, Boolean)" Url="html/1b5e80ae-e468-a557-cd5a-ce1e651cd2a7.htm" />
        </HelpTOCNode>
        <HelpTOCNode Title="TurnAllLedsOff Method " Url="html/16c74c06-fbd6-c261-404d-2fb36d868106.htm" />
      </HelpTOCNode>
    </HelpTOCNode>
  </HelpTOCNode>
  <HelpTOCNode Id="c9e292f8-5d10-4ce9-9099-0db102bfe28b" Title="GrFamily.Module" Url="html/23f674d8-1bc1-1b8c-f226-019db8ee6966.htm">
    <HelpTOCNode Id="9c41f314-15d9-4c8b-9bbc-8b5673229905" Title="Adxl345 Class" Url="html/ffd3845a-22c8-086b-6389-29f0a52a2de8.htm">
      <HelpTOCNode Id="8a16a16d-b16d-46a4-b4e8-91f141ae73e4" Title="Adxl345 Constructor " Url="html/380a5e37-fa50-eded-26b1-d112b852afda.htm">
        <HelpTOCNode Title="Adxl345 Constructor " Url="html/1ae0ce63-6481-2824-e08b-8cb78c962168.htm" />
        <HelpTOCNode Title="Adxl345 Constructor (UInt16)" Url="html/5a272548-bf2c-6e17-2c2c-83bf1fc2e709.htm" />
      </HelpTOCNode>
      <HelpTOCNode Id="a8d8ca53-95e3-40ab-8793-91a260c389a5" Title="Adxl345 Properties" Url="html/c763d930-c1f2-ea00-2b49-f1b49a368484.htm">
        <HelpTOCNode Title="Interval Property " Url="html/15652571-7d1b-b88e-4e99-620acf778035.htm" />
        <HelpTOCNode Title="MeasurementRange Property " Url="html/2339b826-48f1-1b29-55d7-65648de18343.htm" />
      </HelpTOCNode>
      <HelpTOCNode Id="af56127f-6dd5-4896-a0f2-4e87b897aa3c" Title="Adxl345 Methods" Url="html/51ea92c5-1a31-70d5-dac6-c63067894045.htm">
        <HelpTOCNode Title="GetX Method " Url="html/80b2ab17-8c6a-7fc0-feb7-fea0bc593f8f.htm" />
        <HelpTOCNode Title="GetXYZ Method " Url="html/07b3891f-11ad-d064-68fb-50efecc214c0.htm" />
        <HelpTOCNode Title="GetY Method " Url="html/02a37ea8-d920-227b-e591-23853eb85677.htm" />
        <HelpTOCNode Title="GetZ Method " Url="html/da20a281-a927-89f0-3c44-3f64fad8bdfb.htm" />
        <HelpTOCNode Title="StartTakingMeasurements Method " Url="html/388b599c-95ce-b8ea-a879-92892ba3dc1e.htm" />
        <HelpTOCNode Title="StopTakingMeasurements Method " Url="html/15ba7ace-8ee0-a5c1-2800-6de248d560ed.htm" />
      </HelpTOCNode>
      <HelpTOCNode Id="20cea9ce-5d04-47db-881e-6262a9f7d3bf" Title="Adxl345 Events" Url="html/6a0e509f-e899-3951-80c7-e07a6a022eb6.htm">
        <HelpTOCNode Title="MeasurementComplete Event" Url="html/e6b3dabd-880c-748e-2934-6be1228f4160.htm" />
      </HelpTOCNode>
    </HelpTOCNode>
    <HelpTOCNode Id="91503157-01d1-4a86-9a12-c2f5208376b6" Title="Adxl345.MeasurementCompleteEventArgs Class" Url="html/8267675a-36a7-dbaf-527b-8aa32a71b32b.htm">
      <HelpTOCNode Title="Adxl345.MeasurementCompleteEventArgs Constructor " Url="html/6d553e9d-7871-90cb-9b99-68f5696e434f.htm" />
      <HelpTOCNode Title="MeasurementCompleteEventArgs Methods" Url="html/e3cd929d-a612-3447-6b8b-e75cd053e155.htm" />
      <HelpTOCNode Id="0b81effa-61a2-4dbe-bf9b-3b4348afbdd3" Title="MeasurementCompleteEventArgs Fields" Url="html/ff577745-ae1f-7920-8650-ebda74f8cd3a.htm">
        <HelpTOCNode Title="X Field" Url="html/0cff93cc-25cb-66e3-f9a1-a7e8a9c51fe7.htm" />
        <HelpTOCNode Title="Y Field" Url="html/5a3bbd80-be28-514f-fb5f-030fa6862ec7.htm" />
        <HelpTOCNode Title="Z Field" Url="html/e8f8a3a5-0594-3374-47b0-4187479ba41f.htm" />
      </HelpTOCNode>
    </HelpTOCNode>
    <HelpTOCNode Title="Adxl345.Range Enumeration" Url="html/e8bbb0df-c057-7036-38b2-f056d8a39b85.htm" />
    <HelpTOCNode Title="Adxl345MeasurementCompleteEventHandler Delegate" Url="html/a1bcf714-d332-ed05-5088-0002aba6300e.htm" />
    <HelpTOCNode Title="AnalogMeasurementCompleteEventHandler Delegate" Url="html/f7de1c6f-81e4-3d7f-b6dd-d1fd89db9aab.htm" />
    <HelpTOCNode Id="efb69694-0ae0-40eb-9a13-56e5b21085d7" Title="AnalogSensor Class" Url="html/47f108d5-1723-a79c-4c28-22f0c431806e.htm">
      <HelpTOCNode Title="AnalogSensor Constructor " Url="html/873d65ee-6fb2-c932-2df6-c0003cd5223c.htm" />
      <HelpTOCNode Id="d1db9ad7-5081-4614-b885-0e414d60e952" Title="AnalogSensor Properties" Url="html/916ebec3-4af7-1595-ee8a-dba2cd43a11e.htm">
        <HelpTOCNode Title="Enabled Property " Url="html/8e418b04-c80c-bc9a-4b39-6657052f046c.htm" />
        <HelpTOCNode Title="Interval Property " Url="html/6f3547c8-1d12-0ddc-616d-efeca07c0af8.htm" />
      </HelpTOCNode>
      <HelpTOCNode Id="5fed2909-4ac8-40b7-99d4-47c70888468e" Title="AnalogSensor Methods" Url="html/989bf78a-dbf1-01aa-3aa2-3ce26f4112e8.htm">
        <HelpTOCNode Title="Read Method " Url="html/0e85d762-4f84-58fc-927a-13c14c6c762e.htm" />
        <HelpTOCNode Title="ReadRaw Method " Url="html/df4e8fb6-6714-7e77-ad2a-c7f2d48f286c.htm" />
      </HelpTOCNode>
      <HelpTOCNode Id="b7ea3f8a-369b-4769-8489-214c8844e35b" Title="AnalogSensor Events" Url="html/d77a7cf4-0db0-87cd-86b7-0cd5a3513f32.htm">
        <HelpTOCNode Title="MeasurementComplete Event" Url="html/d88da9bd-74db-8033-3743-479c3674e08b.htm" />
      </HelpTOCNode>
    </HelpTOCNode>
    <HelpTOCNode Id="c3bf6f07-c76f-4655-8847-4abd56316b4a" Title="AnalogSensor.MeasurementCompleteEventArgs Class" Url="html/52d86c8f-c292-7d82-91d4-68ed680b1fdc.htm">
      <HelpTOCNode Title="AnalogSensor.MeasurementCompleteEventArgs Constructor " Url="html/bac50e06-da2b-7fe6-ea86-9184644b31b5.htm" />
      <HelpTOCNode Title="MeasurementCompleteEventArgs Methods" Url="html/0071bbbe-1088-6c47-52d0-0d64989b4240.htm" />
      <HelpTOCNode Id="4850797e-f67b-431d-ba78-d4d1550febc4" Title="MeasurementCompleteEventArgs Fields" Url="html/68c2675c-962a-9383-1b9a-78821966ab1f.htm">
        <HelpTOCNode Title="RawValue Field" Url="html/477080fa-7282-ffa8-9992-da235ef744a8.htm" />
        <HelpTOCNode Title="Value Field" Url="html/7e85316c-72f5-9061-a020-dae5f37c4ec9.htm" />
      </HelpTOCNode>
    </HelpTOCNode>
    <HelpTOCNode Id="7e678937-5029-458c-a4a4-373ca1cc5278" Title="I2CDeviceEx Class" Url="html/72edf364-5cef-b1bd-d94d-01798f8599d3.htm">
      <HelpTOCNode Title="I2CDeviceEx Constructor " Url="html/6a22616e-38ff-e851-9868-d817ad0d0a6a.htm" />
      <HelpTOCNode Id="837f0c24-13ba-4938-9b23-8e047c27f649" Title="I2CDeviceEx Methods" Url="html/e511fc1d-d4c8-6206-7555-a6d29319eeaf.htm">
        <HelpTOCNode Title="RegRead Method " Url="html/eb84c153-9b1c-a980-abd7-5ea7160c1077.htm" />
        <HelpTOCNode Title="RegReads Method " Url="html/5f1fcca5-58df-e544-9248-540daff181da.htm" />
        <HelpTOCNode Title="RegWrite Method " Url="html/d7076f2f-130f-411c-8302-83a7848ad271.htm" />
        <HelpTOCNode Title="RegWriteMask Method " Url="html/fd7d1d26-4452-34a6-3123-2fe8e2ea017b.htm" />
      </HelpTOCNode>
    </HelpTOCNode>
    <HelpTOCNode Id="f33984cc-0574-46c3-be27-cf64082faaf8" Title="I2CLiquidCrystal Class" Url="html/1313d2ad-ae8f-1eee-1896-74b19c82835e.htm">
      <HelpTOCNode Title="I2CLiquidCrystal Constructor " Url="html/e1550adc-0631-d7f7-d010-d85d95594e2c.htm" />
      <HelpTOCNode Id="d57eadfc-815e-42e6-9296-9e3726455853" Title="I2CLiquidCrystal Methods" Url="html/bb3ac7d4-b3d3-ed02-6bd9-12a4cb77c4f4.htm">
        <HelpTOCNode Title="BlinkOn Method " Url="html/5ee71986-1651-0ebc-9040-4295d76da9b4.htm" />
        <HelpTOCNode Title="Clear Method " Url="html/3acb96c8-52ae-05de-7aa5-4c082f29c05b.htm" />
        <HelpTOCNode Title="CursorOn Method " Url="html/576a850f-6b30-18d0-f228-c9f93f0ddfca.htm" />
        <HelpTOCNode Title="DisplayOn Method " Url="html/12f9de81-f663-1297-06c0-155862e0ce49.htm" />
        <HelpTOCNode Title="Home Method " Url="html/20fa5171-64c1-1361-9ca4-40a61f97236e.htm" />
        <HelpTOCNode Title="Print Method " Url="html/a9c9cc7d-8aec-cbfa-fb11-7b173531feaf.htm" />
        <HelpTOCNode Title="SetCursor Method " Url="html/fa8a27a5-ad2e-11ed-2349-1d6d1b6a2d81.htm" />
        <HelpTOCNode Title="WriteCharactor Method " Url="html/ff319268-3e69-2ab4-661f-ef1d68ad80cc.htm" />
        <HelpTOCNode Title="WriteCommand Method " Url="html/81f47ab2-6ed1-0621-aa6e-f8595bf225f2.htm" />
      </HelpTOCNode>
    </HelpTOCNode>
    <HelpTOCNode Id="a947ada4-51d9-4cd5-aa4e-87670a248a46" Title="LiquidCrystal Class" Url="html/46f86547-7374-daa8-f170-7dff772c5175.htm">
      <HelpTOCNode Title="LiquidCrystal Constructor " Url="html/fd23b29c-35ba-a61a-9461-d5e56ea57534.htm" />
      <HelpTOCNode Id="0a1effda-3d77-4a86-8960-fd124aa92146" Title="LiquidCrystal Methods" Url="html/9334c8b8-91c0-ee65-684f-f352b6279698.htm">
        <HelpTOCNode Title="BlinkOn Method " Url="html/86972a81-6851-8837-5711-f48727fb05a7.htm" />
        <HelpTOCNode Title="Clear Method " Url="html/e9bde387-cf0f-4cdb-f87b-2d99822f972f.htm" />
        <HelpTOCNode Title="CursorOn Method " Url="html/b624ca71-ce89-59eb-00e2-eac4fec6053c.htm" />
        <HelpTOCNode Title="DisplayOn Method " Url="html/fdb3ea81-f3a4-cca2-6937-a0ddd047a73e.htm" />
        <HelpTOCNode Title="Home Method " Url="html/c62dc60e-3721-b1e4-e270-98497538768a.htm" />
        <HelpTOCNode Title="InitDevice Method " Url="html/67e66c3d-a3a6-6cd1-fadf-1a17473084c9.htm" />
        <HelpTOCNode Title="Print Method " Url="html/2371bdf8-f4c4-5726-053a-ddc527e4db1b.htm" />
        <HelpTOCNode Title="SetCursor Method " Url="html/f518e32d-7f8e-7dce-b5c1-016dc25c7268.htm" />
        <HelpTOCNode Title="Write Method " Url="html/d50e1174-7217-9879-d65d-d7950a558a7b.htm" />
      </HelpTOCNode>
    </HelpTOCNode>
  </HelpTOCNode>
  <HelpTOCNode Id="cbcac668-ead2-422c-bc31-e26aec0edcdb" Title="GrFamily.Utility" Url="html/d008af2b-154f-a65d-63d7-5fc172db4bbc.htm">
    <HelpTOCNode Id="0fbf3c48-419f-4954-b061-76fc33e5f13e" Title="NetworkUtility Class" Url="html/ac857798-c677-c1e1-ab14-3e99c00ab386.htm">
      <HelpTOCNode Id="9348e693-c6d7-48fa-bcb1-0fdf44a01759" Title="NetworkUtility Methods" Url="html/7220b1b0-9ade-c68a-dd2e-9fbf44a800fa.htm">
        <HelpTOCNode Title="InitNetwork Method " Url="html/acbb1c3e-8603-89ae-4f03-fdac1a9c017b.htm" />
      </HelpTOCNode>
    </HelpTOCNode>
    <HelpTOCNode Id="bc27ddfe-9bf9-4e22-8845-0f9a846de2fe" Title="SystemTimeInitializer Class" Url="html/6f9ee269-12b0-1383-c4e9-9e1bef1dc277.htm">
      <HelpTOCNode Id="ea8c3fdd-efe4-45a7-bf8b-f49915af3ac8" Title="SystemTimeInitializer Methods" Url="html/096fffed-7f5c-4440-6e6d-3012be2d0870.htm">
        <HelpTOCNode Id="4f03a0cd-5812-43a6-ab03-b5954c1c1fcc" Title="InitSystemTime Method " Url="html/1b0d3202-93f9-2cd2-7ed7-1a00d1ebd3be.htm">
          <HelpTOCNode Title="InitSystemTime Method " Url="html/8503c785-c0d0-5762-2d66-92798c6e1da4.htm" />
          <HelpTOCNode Title="InitSystemTime Method (String, Int32)" Url="html/3c919ed8-5c03-12a9-fa3b-9ae55ca1e751.htm" />
        </HelpTOCNode>
      </HelpTOCNode>
    </HelpTOCNode>
  </HelpTOCNode>
</HelpTOC>
