﻿<?xml version="1.0" encoding="utf-8"?><HelpTOCNode Title="LiquidCrystal Methods" Url="html/9334c8b8-91c0-ee65-684f-f352b6279698.htm"><HelpTOCNode Title="BlinkOn Method " Url="html/86972a81-6851-8837-5711-f48727fb05a7.htm" /><HelpTOCNode Title="Clear Method " Url="html/e9bde387-cf0f-4cdb-f87b-2d99822f972f.htm" /><HelpTOCNode Title="CursorOn Method " Url="html/b624ca71-ce89-59eb-00e2-eac4fec6053c.htm" /><HelpTOCNode Title="DisplayOn Method " Url="html/fdb3ea81-f3a4-cca2-6937-a0ddd047a73e.htm" /><HelpTOCNode Title="Home Method " Url="html/c62dc60e-3721-b1e4-e270-98497538768a.htm" /><HelpTOCNode Title="InitDevice Method " Url="html/67e66c3d-a3a6-6cd1-fadf-1a17473084c9.htm" /><HelpTOCNode Title="Print Method " Url="html/2371bdf8-f4c4-5726-053a-ddc527e4db1b.htm" /><HelpTOCNode Title="SetCursor Method " Url="html/f518e32d-7f8e-7dce-b5c1-016dc25c7268.htm" /><HelpTOCNode Title="Write Method " Url="html/d50e1174-7217-9879-d65d-d7950a558a7b.htm" /></HelpTOCNode>