﻿<?xml version="1.0" encoding="utf-8"?><HelpTOCNode Title="GrFamily.MainBoard" Url="html/f7001cd3-e0b1-ea0d-8b31-b4e7abf3d297.htm"><HelpTOCNode Title="Button Class" Url="html/3041a183-1752-20f2-e19e-449a3eecc9d4.htm" HasChildren="true" /><HelpTOCNode Title="Button.ButtonState Enumeration" Url="html/28f354a4-1e31-85ee-f277-487e7a9b430e.htm" /><HelpTOCNode Title="ButtonEventHandler Delegate" Url="html/85cb34eb-2c1f-55ab-2299-a14df91e83b3.htm" /><HelpTOCNode Title="DebugLed Class" Url="html/ce67b6ad-0437-f528-892b-dc94ffcf8f94.htm" HasChildren="true" /><HelpTOCNode Title="Led Class" Url="html/23a883aa-e314-38bb-3522-4f3ac8301519.htm" HasChildren="true" /><HelpTOCNode Title="Peach Class" Url="html/fc332625-22af-93aa-31a1-6fbe09f0a818.htm" HasChildren="true" /><HelpTOCNode Title="Peach.Color Enumeration" Url="html/c7160db7-dbb1-bcb9-e497-b3f07bbad3e7.htm" /><HelpTOCNode Title="Pins Class" Url="html/26f3c186-b310-f05b-421e-2139885166cb.htm" HasChildren="true" /><HelpTOCNode Title="Sakura Class" Url="html/a458882d-c7db-aed7-0c29-24dee9ac1557.htm" HasChildren="true" /></HelpTOCNode>