<?xml version="1.0"?>
<doc>
    <assembly>
        <name>GrFamily.MainBoard.Sakura</name>
    </assembly>
    <members>
        <member name="T:GrFamily.MainBoard.ButtonEventHandler">
            <summary>
            ボタンを押した／離したを返すイベントハンドラー
            </summary>
            <param name="sender"></param>
            <param name="state">ボタンの状態</param>
        </member>
        <member name="T:GrFamily.MainBoard.Button">
            <summary>
            GR-PEACHマイコンボード上のボタン（スイッチ）
            </summary>
        </member>
        <member name="T:GrFamily.MainBoard.Button.ButtonState">
            <summary>
            ボタンの状態
            </summary>
        </member>
        <member name="F:GrFamily.MainBoard.Button.ButtonState.Pressed">
            <summary>押されている</summary>
        </member>
        <member name="F:GrFamily.MainBoard.Button.ButtonState.Released">
            <summary>離されている</summary>
        </member>
        <member name="F:GrFamily.MainBoard.Button.ButtonPort">
            <summary>GR-PEACH上のボタンのデジタル入力ポート</summary>
        </member>
        <member name="F:GrFamily.MainBoard.Button.PrevPressed">
            <summary>前回の測定時にボタンが押されていたかどうか</summary>
        </member>
        <member name="E:GrFamily.MainBoard.Button.ButtonPressed">
            <summary>ボタンが押された時のイベントハンドラー</summary>
        </member>
        <member name="E:GrFamily.MainBoard.Button.ButtonReleased">
            <summary>ボタンが離された時のイベントハンドラー</summary>
        </member>
        <member name="M:GrFamily.MainBoard.Button.#ctor(Microsoft.SPOT.Hardware.Cpu.Pin)">
            <summary>
            コンストラクター
            </summary>
            <param name="pin">ボタンが接続されているデジタル入力ピン</param>
        </member>
        <member name="M:GrFamily.MainBoard.Button.ButtonPort_OnInterrupt(System.UInt32,System.UInt32,System.DateTime)">
            <summary>
            ボタンの押下状態が変わった時に呼び出されるイベントハンドラー
            </summary>
            <param name="data1">一つ目のデータ</param>
            <param name="data2">二つ目のデータ</param>
            <param name="time">ボタンの状態が変わった時にタイムスタンプ</param>
            <remarks>ボタンが押されると data2 が 0 になる、そうでない時は data2 は 0以外の値になる</remarks>
        </member>
        <member name="P:GrFamily.MainBoard.Button.IsPressed">
            <summary>
            ボタンが押されているかどうかを返す   
            </summary>
        </member>
        <member name="T:GrFamily.MainBoard.DebugLed">
            <summary>
            マイコンボード上のデバッグLED (User LED)
            </summary>
            <remarks>このライブラリでデバッグLEDと呼ぶのはマイコンボード上の以下のLEDのこと<br />
            ・GR-PEACH : User LED<br />
            ・GR-SAKURA : LED4</remarks>
        </member>
        <member name="M:GrFamily.MainBoard.DebugLed.#ctor(Microsoft.SPOT.Hardware.Cpu.Pin)">
            <summary>
            コンストラクター
            </summary>
            <param name="pin">デバッグLEDが接続されたピン</param>
        </member>
        <member name="M:GrFamily.MainBoard.DebugLed.PulseDebugLed">
            <summary>
            デバッグLEDを1回点滅させる
            </summary>
        </member>
        <member name="M:GrFamily.MainBoard.DebugLed.PulseDebugLed(System.Int32,System.Int32)">
            <summary>
            デバッグLEDを指定回数、指定間隔で点滅させる
            </summary>
            <param name="length">点滅間隔（単位：ミリ秒）</param>
            <param name="times">点滅回数</param>
        </member>
        <member name="T:GrFamily.MainBoard.Led">
            <summary>
            LEDクラス
            </summary>
        </member>
        <member name="F:GrFamily.MainBoard.Led.LedPort">
            <summary>LEDが接続されたピン</summary>
        </member>
        <member name="M:GrFamily.MainBoard.Led.#ctor(Microsoft.SPOT.Hardware.Cpu.Pin)">
            <summary>
            コンストラクタ
            </summary>
            <param name="pin">LEDが接続されたピン</param>
        </member>
        <member name="M:GrFamily.MainBoard.Led.SetLed(System.Boolean)">
            <summary>
            LEDを点灯／消灯する
            </summary>
            <param name="on">LEDを点灯する場合は true、消灯する場合は false</param>
        </member>
        <member name="T:GrFamily.MainBoard.Pins">
            <summary>
            GR-SAKURAのデジタル入出力のピン番号定義
            </summary>
        </member>
        <member name="F:GrFamily.MainBoard.Pins.GPIO_PIN_D0">
            <summary>デジタル入出力用 D0ピン</summary>
        </member>
        <member name="F:GrFamily.MainBoard.Pins.GPIO_PIN_D1">
            <summary>デジタル入出力用 D1ピン</summary>
        </member>
        <member name="F:GrFamily.MainBoard.Pins.GPIO_PIN_D2">
            <summary>デジタル入出力用 D2ピン</summary>
        </member>
        <member name="F:GrFamily.MainBoard.Pins.GPIO_PIN_D3">
            <summary>デジタル入出力用 D3ピン</summary>
        </member>
        <member name="F:GrFamily.MainBoard.Pins.GPIO_PIN_D4">
            <summary>デジタル入出力用 D4ピン</summary>
        </member>
        <member name="F:GrFamily.MainBoard.Pins.GPIO_PIN_D5">
            <summary>デジタル入出力用 D5ピン</summary>
        </member>
        <member name="F:GrFamily.MainBoard.Pins.GPIO_PIN_D6">
            <summary>デジタル入出力用 D6ピン</summary>
        </member>
        <member name="F:GrFamily.MainBoard.Pins.GPIO_PIN_D7">
            <summary>デジタル入出力用 D7ピン</summary>
        </member>
        <member name="F:GrFamily.MainBoard.Pins.GPIO_PIN_D8">
            <summary>デジタル入出力用 D8ピン</summary>
        </member>
        <member name="F:GrFamily.MainBoard.Pins.GPIO_PIN_D9">
            <summary>デジタル入出力用 D9ピン</summary>
        </member>
        <member name="F:GrFamily.MainBoard.Pins.GPIO_PIN_D10">
            <summary>デジタル入出力用 D10ピン</summary>
        </member>
        <member name="F:GrFamily.MainBoard.Pins.GPIO_PIN_D11">
            <summary>デジタル入出力用 D11ピン</summary>
        </member>
        <member name="F:GrFamily.MainBoard.Pins.GPIO_PIN_D12">
            <summary>デジタル入出力用 D12ピン</summary>
        </member>
        <member name="F:GrFamily.MainBoard.Pins.GPIO_PIN_D13">
            <summary>デジタル入出力用 D13ピン</summary>
        </member>
        <member name="F:GrFamily.MainBoard.Pins.GPIO_PIN_A0">
            <summary>アナログ入出力用 A0ピン</summary>
        </member>
        <member name="F:GrFamily.MainBoard.Pins.GPIO_PIN_A1">
            <summary>アナログ入出力用 A1ピン</summary>
        </member>
        <member name="F:GrFamily.MainBoard.Pins.GPIO_PIN_A2">
            <summary>アナログ入出力用 A2ピン</summary>
        </member>
        <member name="F:GrFamily.MainBoard.Pins.GPIO_PIN_A3">
            <summary>アナログ入出力用 A3ピン</summary>
        </member>
        <member name="F:GrFamily.MainBoard.Pins.GPIO_PIN_A4">
            <summary>アナログ入出力用 A4ピン</summary>
        </member>
        <member name="F:GrFamily.MainBoard.Pins.GPIO_PIN_A5">
            <summary>アナログ入出力用 A5ピン</summary>
        </member>
        <member name="F:GrFamily.MainBoard.Pins.ANALOG_0">
            <summary>アナログチャンネル0 (A0用アナログチャンネル)</summary>
        </member>
        <member name="F:GrFamily.MainBoard.Pins.ANALOG_1">
            <summary>アナログチャンネル1 (A1用アナログチャンネル)</summary>
        </member>
        <member name="F:GrFamily.MainBoard.Pins.ANALOG_2">
            <summary>アナログチャンネル2 (A2用アナログチャンネル)</summary>
        </member>
        <member name="F:GrFamily.MainBoard.Pins.ANALOG_3">
            <summary>アナログチャンネル3 (A3用アナログチャンネル)</summary>
        </member>
        <member name="F:GrFamily.MainBoard.Pins.ANALOG_4">
            <summary>アナログチャンネル4 (A4用アナログチャンネル)</summary>
        </member>
        <member name="F:GrFamily.MainBoard.Pins.ANALOG_5">
            <summary>アナログチャンネル5 (A5用アナログチャンネル)</summary>
        </member>
        <member name="T:GrFamily.MainBoard.Sakura">
            <summary>
            GR-SAKURAクラス
            </summary>
        </member>
        <member name="F:GrFamily.MainBoard.Sakura.ButtonPin">
            <summary>GR-SAKURA上のボタンのピン番号</summary>
        </member>
        <member name="F:GrFamily.MainBoard.Sakura.Led1Pin">
            <summary>GR-PEACH上の1番LEDのピン番号</summary>
        </member>
        <member name="F:GrFamily.MainBoard.Sakura.Led2Pin">
            <summary>GR-PEACH上の2番LEDのピン番号</summary>
        </member>
        <member name="F:GrFamily.MainBoard.Sakura.Led3Pin">
            <summary>GR-PEACH上の3番LEDのピン番号</summary>
        </member>
        <member name="F:GrFamily.MainBoard.Sakura.Led4Pin">
            <summary>GR-PEACH上の4番LEDのピン番号</summary>
        </member>
        <member name="F:GrFamily.MainBoard.Sakura._led1">
            <summary>1番 <see cref="T:GrFamily.MainBoard.Led">LED</see></summary>
        </member>
        <member name="F:GrFamily.MainBoard.Sakura._led2">
            <summary>2番 <see cref="T:GrFamily.MainBoard.Led">LED</see></summary>
        </member>
        <member name="F:GrFamily.MainBoard.Sakura._led3">
            <summary>3番 <see cref="T:GrFamily.MainBoard.Led">LED</see></summary>
        </member>
        <member name="F:GrFamily.MainBoard.Sakura._debugLed">
            <summary>4番 <see cref="T:GrFamily.MainBoard.DebugLed">LED</see></summary>
            <remarks>このライブラリではGR-SAKURAの4番LEDをデバッグ用LEDとしても利用する</remarks>
        </member>
        <member name="M:GrFamily.MainBoard.Sakura.#ctor">
            <summary>
            GR-SAKURAのコンストラクター
            </summary>
        </member>
        <member name="P:GrFamily.MainBoard.Sakura.Button">
            <summary>GR-SAKURA上のボタン</summary>
        </member>
        <member name="M:GrFamily.MainBoard.Sakura.TurnAllLedsOff">
            <summary>
            全てのLEDを消灯する
            </summary>
        </member>
        <member name="M:GrFamily.MainBoard.Sakura.SetLeds(System.Boolean,System.Boolean,System.Boolean,System.Boolean)">
            <summary>
            各LEDを個別に点灯・消灯する
            </summary>
            <param name="led1On">1番LEDを点灯または消灯する</param>
            <param name="led2On">2番LEDを点灯または消灯する</param>
            <param name="led3On">3番LEDを点灯または消灯する</param>
            <param name="led4On">4番LEDを点灯または消灯する</param>
        </member>
        <member name="M:GrFamily.MainBoard.Sakura.SetLeds(System.Int32)">
            <summary>
            個数を指定してLEDを点灯する
            </summary>
            <param name="count">点灯するLEDの個数</param>
            <remarks>指定した個数に応じて、1番LEDから順に点灯する</remarks>
        </member>
        <member name="M:GrFamily.MainBoard.Sakura.Animate(System.Int32,System.Boolean,System.Int32)">
            <summary>
            LED点灯のアニメーションを実行する
            </summary>
            <param name="switchTime">アニメーション実行間隔（単位 : ミリ秒）</param>
            <param name="remain">小さい番号のLEDを点灯したままにする場合は true、どれか1個のLEDだけを点灯させる場合は false</param>
            <param name="repeatCount">繰り返し回数</param>
        </member>
        <member name="M:GrFamily.MainBoard.Sakura.SetLedsInner(System.Int32,System.Boolean)">
            <summary>
            LED番号と小さい番号のLEDを点灯させるかを指定して、必要なLEDを点灯させる
            </summary>
            <param name="count">点灯対象のLED番号</param>
            <param name="remain">点灯対象より小さい番号のLEDを一緒に点灯する場合は true、そうでない場合は false</param>
        </member>
        <member name="M:GrFamily.MainBoard.Sakura.SetDebugLed(System.Boolean)">
            <summary>
            デバッグLEDを点灯または消灯する
            </summary>
            <param name="lightOn">点灯する場合は true、消灯する場合は false</param>
        </member>
        <member name="M:GrFamily.MainBoard.Sakura.PulseDebugLed">
            <summary>
            デバッグLEDを1回点滅する
            </summary>
        </member>
        <member name="M:GrFamily.MainBoard.Sakura.PulseDebugLed(System.Int32,System.Int32)">
            <summary>
            デバッグLEDを指定回数、指定間隔で点滅させる
            </summary>
            <param name="length">点滅間隔（単位：ミリ秒）</param>
            <param name="times">点滅回数</param>
        </member>
    </members>
</doc>
