<?xml version="1.0"?>
<doc>
    <assembly>
        <name>GrFamily.Module.AnalogSensor</name>
    </assembly>
    <members>
        <member name="T:GrFamily.Module.AnalogMeasurementCompleteEventHandler">
            <summary>
            アナログ入力センサーの測定値を返すデリゲート
            </summary>
            <param name="sender"></param>
            <param name="e"></param>
        </member>
        <member name="T:GrFamily.Module.AnalogSensor">
            <summary>
            アナログ入力センサー
            </summary>
        </member>
        <member name="E:GrFamily.Module.AnalogSensor.MeasurementComplete">
            <summary>
            アナログ入力センサーのセンサーでの測定時のイベントハンドラー
            </summary>
        </member>
        <member name="F:GrFamily.Module.AnalogSensor._sensor">
            <summary>
            アナログ入力ポート
            </summary>
        </member>
        <member name="F:GrFamily.Module.AnalogSensor._timer">
            <summary>
            アナログ入力センサーのデータを定期的に測定するためのタイマー
            </summary>
        </member>
        <member name="M:GrFamily.Module.AnalogSensor.#ctor(Microsoft.SPOT.Hardware.Cpu.AnalogChannel)">
            <summary>
            コンストラクター
            </summary>
            <param name="channel">アナログ入力チャネル</param>
        </member>
        <member name="F:GrFamily.Module.AnalogSensor._interval">
            <summary>
            センサーデータ測定の間隔（<see cref="P:GrFamily.Module.AnalogSensor.Interval">Interval</see>）のプライベート変数
            </summary>
        </member>
        <member name="P:GrFamily.Module.AnalogSensor.Interval">
            <summary>
            センサーデータ測定の間隔<br />単位 : ミリ秒
            </summary>
            <remarks>正の整数でない場合はタイマーを実行しない</remarks>
        </member>
        <member name="F:GrFamily.Module.AnalogSensor._enabled">
            <summary>
            センサーデータ測定のタイマーを有効化するかどうかのプライベート変数（<see cref="P:GrFamily.Module.AnalogSensor.Enabled">Enabled</see>）のプライベート変数
            </summary>
        </member>
        <member name="P:GrFamily.Module.AnalogSensor.Enabled">
            <summary>
            センサーデータ測定のタイマーを有効化するかどうか
            </summary>
        </member>
        <member name="M:GrFamily.Module.AnalogSensor.SetTimer">
            <summary>
            センサーデータ測定のタイマーを実行する
            </summary>
        </member>
        <member name="M:GrFamily.Module.AnalogSensor.Measure_Timer(System.Object)">
            <summary>
            アナログ入力センサーから定期的にデータを取得する
            </summary>
            <param name="state">未使用</param>
        </member>
        <member name="M:GrFamily.Module.AnalogSensor.ReadRaw">
            <summary>
            アナログ入力センサーの生のデータを取得する
            </summary>
            <returns>アナログ入力センサーの生のデータ</returns>
            <remarks>返す値の範囲はA/D変換の分解能による。GR-PEACHの場合は 0～4095</remarks>
        </member>
        <member name="M:GrFamily.Module.AnalogSensor.Read">
            <summary>
            アナログ入力センサーのデータを取得する
            </summary>
            <returns>アナログ入力センサーのデータ</returns>
        </member>
        <member name="T:GrFamily.Module.AnalogSensor.MeasurementCompleteEventArgs">
            <summary>
            データ取得のイベントハンドラーに渡されるアナログ入力センサーのセンサーデータ
            </summary>
        </member>
        <member name="F:GrFamily.Module.AnalogSensor.MeasurementCompleteEventArgs.RawValue">
            <summary>アナログ入力センサーの生の測定値</summary>
        </member>
        <member name="F:GrFamily.Module.AnalogSensor.MeasurementCompleteEventArgs.Value">
            <summary>アナログ入力センサーの測定値</summary>
        </member>
    </members>
</doc>
