<?xml version="1.0"?>
<doc>
    <assembly>
        <name>GrFamily.MainBoard.Peach</name>
    </assembly>
    <members>
        <member name="T:GrFamily.MainBoard.ButtonEventHandler">
            <summary>
            ボタンを押した／離したを返すイベントハンドラー
            </summary>
            <param name="sender"></param>
            <param name="state">ボタンの状態</param>
        </member>
        <member name="T:GrFamily.MainBoard.Button">
            <summary>
            GR-PEACHマイコンボード上のボタン（スイッチ）
            </summary>
        </member>
        <member name="T:GrFamily.MainBoard.Button.ButtonState">
            <summary>
            ボタンの状態
            </summary>
        </member>
        <member name="F:GrFamily.MainBoard.Button.ButtonState.Pressed">
            <summary>押されている</summary>
        </member>
        <member name="F:GrFamily.MainBoard.Button.ButtonState.Released">
            <summary>離されている</summary>
        </member>
        <member name="F:GrFamily.MainBoard.Button.ButtonPort">
            <summary>GR-PEACH上のボタンのデジタル入力ポート</summary>
        </member>
        <member name="F:GrFamily.MainBoard.Button.PrevPressed">
            <summary>前回の測定時にボタンが押されていたかどうか</summary>
        </member>
        <member name="E:GrFamily.MainBoard.Button.ButtonPressed">
            <summary>ボタンが押された時のイベントハンドラー</summary>
        </member>
        <member name="E:GrFamily.MainBoard.Button.ButtonReleased">
            <summary>ボタンが離された時のイベントハンドラー</summary>
        </member>
        <member name="M:GrFamily.MainBoard.Button.#ctor(Microsoft.SPOT.Hardware.Cpu.Pin)">
            <summary>
            コンストラクター
            </summary>
            <param name="pin">ボタンが接続されているデジタル入力ピン</param>
        </member>
        <member name="M:GrFamily.MainBoard.Button.ButtonPort_OnInterrupt(System.UInt32,System.UInt32,System.DateTime)">
            <summary>
            ボタンの押下状態が変わった時に呼び出されるイベントハンドラー
            </summary>
            <param name="data1">一つ目のデータ</param>
            <param name="data2">二つ目のデータ</param>
            <param name="time">ボタンの状態が変わった時にタイムスタンプ</param>
            <remarks>ボタンが押されると data2 が 0 になる、そうでない時は data2 は 0以外の値になる</remarks>
        </member>
        <member name="P:GrFamily.MainBoard.Button.IsPressed">
            <summary>
            ボタンが押されているかどうかを返す   
            </summary>
        </member>
        <member name="T:GrFamily.MainBoard.DebugLed">
            <summary>
            マイコンボード上のデバッグLED (User LED)
            </summary>
            <remarks>このライブラリでデバッグLEDと呼ぶのはマイコンボード上の以下のLEDのこと<br />
            ・GR-PEACH : User LED<br />
            ・GR-SAKURA : LED4</remarks>
        </member>
        <member name="M:GrFamily.MainBoard.DebugLed.#ctor(Microsoft.SPOT.Hardware.Cpu.Pin)">
            <summary>
            コンストラクター
            </summary>
            <param name="pin">デバッグLEDが接続されたピン</param>
        </member>
        <member name="M:GrFamily.MainBoard.DebugLed.PulseDebugLed">
            <summary>
            デバッグLEDを1回点滅させる
            </summary>
        </member>
        <member name="M:GrFamily.MainBoard.DebugLed.PulseDebugLed(System.Int32,System.Int32)">
            <summary>
            デバッグLEDを指定回数、指定間隔で点滅させる
            </summary>
            <param name="length">点滅間隔（単位：ミリ秒）</param>
            <param name="times">点滅回数</param>
        </member>
        <member name="T:GrFamily.MainBoard.Led">
            <summary>
            LEDクラス
            </summary>
        </member>
        <member name="F:GrFamily.MainBoard.Led.LedPort">
            <summary>LEDが接続されたピン</summary>
        </member>
        <member name="M:GrFamily.MainBoard.Led.#ctor(Microsoft.SPOT.Hardware.Cpu.Pin)">
            <summary>
            コンストラクタ
            </summary>
            <param name="pin">LEDが接続されたピン</param>
        </member>
        <member name="M:GrFamily.MainBoard.Led.SetLed(System.Boolean)">
            <summary>
            LEDを点灯／消灯する
            </summary>
            <param name="on">LEDを点灯する場合は true、消灯する場合は false</param>
        </member>
        <member name="T:GrFamily.MainBoard.Peach">
            <summary>
            GR-PEACHクラス
            </summary>
        </member>
        <member name="F:GrFamily.MainBoard.Peach.ButtonPin">
            <summary>GR-PEACH上のボタンのピン番号</summary>
        </member>
        <member name="F:GrFamily.MainBoard.Peach.RedPin">
            <summary>GR-PEACH上の赤色LEDのピン番号</summary>
        </member>
        <member name="F:GrFamily.MainBoard.Peach.GreenPin">
            <summary>GR-PEACH上の緑色LEDのピン番号</summary>
        </member>
        <member name="F:GrFamily.MainBoard.Peach.BluePin">
            <summary>GR-PEACH上の青色LEDのピン番号</summary>
        </member>
        <member name="F:GrFamily.MainBoard.Peach.UserPin">
            <summary>GR-PEACH上のユーザーLEDのピン番号</summary>
        </member>
        <member name="F:GrFamily.MainBoard.Peach._redLed">
            <summary>赤色 <see cref="T:GrFamily.MainBoard.Led">LED</see></summary>
        </member>
        <member name="F:GrFamily.MainBoard.Peach._greenLed">
            <summary>緑色 <see cref="T:GrFamily.MainBoard.Led">LED</see></summary>
        </member>
        <member name="F:GrFamily.MainBoard.Peach._blueLed">
            <summary>青色 <see cref="T:GrFamily.MainBoard.Led">LED</see></summary>
        </member>
        <member name="F:GrFamily.MainBoard.Peach._debugLed">
            <summary>ユーザー <see cref="T:GrFamily.MainBoard.DebugLed">LED</see></summary>
        </member>
        <member name="M:GrFamily.MainBoard.Peach.#ctor">
            <summary>
            GR-PEACHのコンストラクター
            </summary>
        </member>
        <member name="P:GrFamily.MainBoard.Peach.Button">
            <summary>GR-PEACH上のボタン</summary>
        </member>
        <member name="M:GrFamily.MainBoard.Peach.TurnAllLedsOff">
            <summary>
            全てのLEDを消灯する（赤・緑・青・デバッグLED）
            </summary>
        </member>
        <member name="M:GrFamily.MainBoard.Peach.SetLeds(System.Boolean,System.Boolean,System.Boolean)">
            <summary>
            各色のLEDを個別に点灯・消灯する
            </summary>
            <param name="redOn">赤色LEDを点灯または消灯する</param>
            <param name="greenOn">緑色LEDを点灯または消灯する</param>
            <param name="blueOn">青色LEDを点灯または消灯する</param>
        </member>
        <member name="M:GrFamily.MainBoard.Peach.SetColor(GrFamily.MainBoard.Peach.Color)">
            <summary>
            色名を指定してカラーLEDを点灯する
            </summary>
            <param name="color">点灯したい色名</param>
        </member>
        <member name="M:GrFamily.MainBoard.Peach.SetDebugLed(System.Boolean)">
            <summary>
            デバッグLEDを点灯または消灯する
            </summary>
            <param name="lightOn">点灯する場合は true、消灯する場合は false</param>
        </member>
        <member name="M:GrFamily.MainBoard.Peach.PulseDebugLed">
            <summary>
            デバッグLEDを1回点滅する
            </summary>
        </member>
        <member name="M:GrFamily.MainBoard.Peach.PulseDebugLed(System.Int32,System.Int32)">
            <summary>
            デバッグLEDを指定回数、指定間隔で点滅させる
            </summary>
            <param name="length">点滅間隔（単位：ミリ秒）</param>
            <param name="times">点滅回数</param>
        </member>
        <member name="T:GrFamily.MainBoard.Peach.Color">
            <summary>
            色名指定
            </summary>
        </member>
        <member name="F:GrFamily.MainBoard.Peach.Color.Black">
            <summary>黒（カラーLEDを全て消灯する）</summary>
        </member>
        <member name="F:GrFamily.MainBoard.Peach.Color.Red">
            <summary>赤</summary>
        </member>
        <member name="F:GrFamily.MainBoard.Peach.Color.Green">
            <summary>緑</summary>
        </member>
        <member name="F:GrFamily.MainBoard.Peach.Color.Blue">
            <summary>青</summary>
        </member>
        <member name="F:GrFamily.MainBoard.Peach.Color.Yellow">
            <summary>黄</summary>
        </member>
        <member name="F:GrFamily.MainBoard.Peach.Color.Magenta">
            <summary>紫（マゼンタ）</summary>
        </member>
        <member name="F:GrFamily.MainBoard.Peach.Color.Cyan">
            <summary>青緑（シアン）</summary>
        </member>
        <member name="F:GrFamily.MainBoard.Peach.Color.White">
            <summary>白</summary>
        </member>
        <member name="T:GrFamily.MainBoard.Pins">
            <summary>
            GR-PEACHのデジタル入出力のピン番号定義
            </summary>
        </member>
        <member name="F:GrFamily.MainBoard.Pins.GPIO_PIN_D0">
            <summary>デジタル入出力用 D0ピン</summary>
        </member>
        <member name="F:GrFamily.MainBoard.Pins.GPIO_PIN_D1">
            <summary>デジタル入出力用 D1ピン</summary>
        </member>
        <member name="F:GrFamily.MainBoard.Pins.GPIO_PIN_D2">
            <summary>デジタル入出力用 D2ピン</summary>
        </member>
        <member name="F:GrFamily.MainBoard.Pins.GPIO_PIN_D3">
            <summary>デジタル入出力用 D3ピン</summary>
        </member>
        <member name="F:GrFamily.MainBoard.Pins.GPIO_PIN_D4">
            <summary>デジタル入出力用 D4ピン</summary>
        </member>
        <member name="F:GrFamily.MainBoard.Pins.GPIO_PIN_D5">
            <summary>デジタル入出力用 D5ピン</summary>
        </member>
        <member name="F:GrFamily.MainBoard.Pins.GPIO_PIN_D6">
            <summary>デジタル入出力用 D6ピン</summary>
        </member>
        <member name="F:GrFamily.MainBoard.Pins.GPIO_PIN_D7">
            <summary>デジタル入出力用 D7ピン</summary>
        </member>
        <member name="F:GrFamily.MainBoard.Pins.GPIO_PIN_D8">
            <summary>デジタル入出力用 D8ピン</summary>
        </member>
        <member name="F:GrFamily.MainBoard.Pins.GPIO_PIN_D9">
            <summary>デジタル入出力用 D9ピン</summary>
        </member>
        <member name="F:GrFamily.MainBoard.Pins.GPIO_PIN_D10">
            <summary>デジタル入出力用 D10ピン</summary>
        </member>
        <member name="F:GrFamily.MainBoard.Pins.GPIO_PIN_D11">
            <summary>デジタル入出力用 D11ピン</summary>
        </member>
        <member name="F:GrFamily.MainBoard.Pins.GPIO_PIN_D12">
            <summary>デジタル入出力用 D12ピン</summary>
        </member>
        <member name="F:GrFamily.MainBoard.Pins.GPIO_PIN_D13">
            <summary>デジタル入出力用 D13ピン</summary>
        </member>
        <member name="F:GrFamily.MainBoard.Pins.GPIO_PIN_D14">
            <summary>デジタル入出力用 D14ピン</summary>
        </member>
        <member name="F:GrFamily.MainBoard.Pins.GPIO_PIN_D15">
            <summary>デジタル入出力用 D15ピン</summary>
        </member>
        <member name="F:GrFamily.MainBoard.Pins.GPIO_PIN_A0">
            <summary>アナログ入出力用 A0ピン</summary>
        </member>
        <member name="F:GrFamily.MainBoard.Pins.GPIO_PIN_A1">
            <summary>アナログ入出力用 A1ピン</summary>
        </member>
        <member name="F:GrFamily.MainBoard.Pins.GPIO_PIN_A2">
            <summary>アナログ入出力用 A2ピン</summary>
        </member>
        <member name="F:GrFamily.MainBoard.Pins.GPIO_PIN_A3">
            <summary>アナログ入出力用 A3ピン</summary>
        </member>
        <member name="F:GrFamily.MainBoard.Pins.GPIO_PIN_A4">
            <summary>アナログ入出力用 A4ピン</summary>
        </member>
        <member name="F:GrFamily.MainBoard.Pins.GPIO_PIN_A5">
            <summary>アナログ入出力用 A5ピン</summary>
        </member>
        <member name="F:GrFamily.MainBoard.Pins.ANALOG_0">
            <summary>アナログチャンネル0 (A0用アナログチャンネル)</summary>
        </member>
        <member name="F:GrFamily.MainBoard.Pins.ANALOG_1">
            <summary>アナログチャンネル1 (A1用アナログチャンネル)</summary>
        </member>
        <member name="F:GrFamily.MainBoard.Pins.ANALOG_2">
            <summary>アナログチャンネル2 (A2用アナログチャンネル)</summary>
        </member>
        <member name="F:GrFamily.MainBoard.Pins.ANALOG_3">
            <summary>アナログチャンネル3 (A3用アナログチャンネル)</summary>
        </member>
        <member name="F:GrFamily.MainBoard.Pins.ANALOG_4">
            <summary>アナログチャンネル4 (A4用アナログチャンネル)</summary>
        </member>
        <member name="F:GrFamily.MainBoard.Pins.ANALOG_5">
            <summary>アナログチャンネル5 (A5用アナログチャンネル)</summary>
        </member>
    </members>
</doc>
