<?xml version="1.0"?>
<doc>
    <assembly>
        <name>GrFamily.ExternalBoard.SensorBoard</name>
    </assembly>
    <members>
        <member name="T:GrFamily.ExternalBoard.AccelerometerMeasurementCompleteEventHandler">
            <summary>
            3軸加速度センサーの測定値を返すデリゲート
            </summary>
            <param name="sender"></param>
            <param name="e"></param>
        </member>
        <member name="T:GrFamily.ExternalBoard.Accelerometer">
            <summary>
            3軸加速度センサー（ADXL345）
            </summary>
        </member>
        <member name="E:GrFamily.ExternalBoard.Accelerometer.MeasurementComplete">
            <summary>
            加速度測定時に呼び出されるイベントハンドラー
            </summary>
        </member>
        <member name="F:GrFamily.ExternalBoard.Accelerometer.PowerCtl">
            <summary>電源管理コマンド用のレジスター</summary>
        </member>
        <member name="F:GrFamily.ExternalBoard.Accelerometer.DataFormat">
            <summary>測定範囲を指定するコマンド用のレジスター</summary>
        </member>
        <member name="F:GrFamily.ExternalBoard.Accelerometer.DataX0">
            <summary>測定値取得用のレジスター先頭</summary>
        </member>
        <member name="F:GrFamily.ExternalBoard.Accelerometer._range">
            <summary>測定範囲</summary>
        </member>
        <member name="F:GrFamily.ExternalBoard.Accelerometer._xyz">
            <summary>センサーデータの読出しバッファ</summary>
        </member>
        <member name="F:GrFamily.ExternalBoard.Accelerometer._timer">
            <summary>センサーデータを定期的に測定するためのタイマー</summary>
        </member>
        <member name="P:GrFamily.ExternalBoard.Accelerometer.Interval">
            <summary>
            センサーデータ測定の間隔<br />単位 : ミリ秒
            </summary>
            <remarks>正の整数でない場合はタイマーを実行しない</remarks>
        </member>
        <member name="M:GrFamily.ExternalBoard.Accelerometer.#ctor(System.UInt16)">
            <summary>
            コンストラクター
            </summary>
            <param name="i2CAddress">I2Cのアドレス</param>
        </member>
        <member name="M:GrFamily.ExternalBoard.Accelerometer.ToWakeup">
            <summary>
            スリープモードに入らないようにする
            </summary>
        </member>
        <member name="M:GrFamily.ExternalBoard.Accelerometer.SetDataFormat(System.Byte)">
            <summary>
            データフォーマットを設定する
            </summary>
            <param name="n">設定値</param>
            <remarks>設定値はビットフラグ<br />
            D7: SELF_TEST<br />
            D6: SPI<br />
            D5: INT_INVERT<br />
            D4: 0<br />
            D3: FULL_RES<br />
            D2: Justfy<br />
            D1-D0: Range<br />
            0 - 0: +-2g<br />
            0 - 1: +-4g<br />
            1 - 0: +-8g<br />
            1 - 1: +-16g<br />
            </remarks>
        </member>
        <member name="P:GrFamily.ExternalBoard.Accelerometer.MeasurementRange">
            <summary>
            測定範囲
            </summary>
        </member>
        <member name="M:GrFamily.ExternalBoard.Accelerometer.Measure">
            <summary>
            加速度を測定する
            </summary>
        </member>
        <member name="M:GrFamily.ExternalBoard.Accelerometer.GetX">
            <summary>
            X軸方向の加速度データを取得する
            </summary>
            <returns>X軸方向の加速度データ</returns>
        </member>
        <member name="M:GrFamily.ExternalBoard.Accelerometer.GetY">
            <summary>
            Y軸方向の加速度データを取得する
            </summary>
            <returns>Y軸方向の加速度データ</returns>
        </member>
        <member name="M:GrFamily.ExternalBoard.Accelerometer.GetZ">
            <summary>
            Z軸方向の加速度データを取得する
            </summary>
            <returns>Z軸方向の加速度データ</returns>
        </member>
        <member name="M:GrFamily.ExternalBoard.Accelerometer.GetXYZ(System.Int16@,System.Int16@,System.Int16@)">
            <summary>
            3軸の加速度データを取得する
            </summary>
            <param name="x">X軸方向の加速度データの受信バッファ</param>
            <param name="y">Y軸方向の加速度データの受信バッファ</param>
            <param name="z">Z軸方向の加速度データの受信バッファ</param>
        </member>
        <member name="M:GrFamily.ExternalBoard.Accelerometer.Measure_Timer(System.Object)">
            <summary>
            定期的に加速度データを取得する
            </summary>
            <param name="state">未使用</param>
        </member>
        <member name="M:GrFamily.ExternalBoard.Accelerometer.StartTakingMeasurements">
            <summary>
            タイマーを起動して、定期的に加速度データの取得を始める
            </summary>
        </member>
        <member name="M:GrFamily.ExternalBoard.Accelerometer.StopTakingMeasurements">
            <summary>
            加速度データを定期的に取得するためのタイマーを停止する
            </summary>
        </member>
        <member name="T:GrFamily.ExternalBoard.Accelerometer.Range">
            <summary>
            加速度の測定範囲
            </summary>
        </member>
        <member name="F:GrFamily.ExternalBoard.Accelerometer.Range.TwoG">
            <summary>+-2G</summary>
        </member>
        <member name="F:GrFamily.ExternalBoard.Accelerometer.Range.FourG">
            <summary>+-4G</summary>
        </member>
        <member name="F:GrFamily.ExternalBoard.Accelerometer.Range.EightG">
            <summary>+-8G</summary>
        </member>
        <member name="T:GrFamily.ExternalBoard.Accelerometer.MeasurementCompleteEventArgs">
            <summary>
            データ取得のイベントハンドラーに渡される加速度データ
            </summary>
        </member>
        <member name="F:GrFamily.ExternalBoard.Accelerometer.MeasurementCompleteEventArgs.X">
            <summary>X軸方向の加速度データ</summary>
        </member>
        <member name="F:GrFamily.ExternalBoard.Accelerometer.MeasurementCompleteEventArgs.Y">
            <summary>Y軸方向の加速度データ</summary>
        </member>
        <member name="F:GrFamily.ExternalBoard.Accelerometer.MeasurementCompleteEventArgs.Z">
            <summary>Z軸方向の加速度データ</summary>
        </member>
        <member name="T:GrFamily.ExternalBoard.SensorBoard">
            <summary>
            PinKit センサーボード
            </summary>
        </member>
        <member name="F:GrFamily.ExternalBoard.SensorBoard._tempChannel">
            <summary>サーミスターの入力チャンネル</summary>
        </member>
        <member name="F:GrFamily.ExternalBoard.SensorBoard._termChannel">
            <summary>ブロック端子台の入力チャンネル</summary>
        </member>
        <member name="F:GrFamily.ExternalBoard.SensorBoard.AccelerometerAddress">
            <summary>加速度センサーのI2Cアドレス</summary>
        </member>
        <member name="F:GrFamily.ExternalBoard.SensorBoard.Bc">
            <summary>103ATのB定数</summary>
        </member>
        <member name="F:GrFamily.ExternalBoard.SensorBoard.R25">
            <summary>103ATの25度でのゼロ負荷抵抗値</summary>
        </member>
        <member name="F:GrFamily.ExternalBoard.SensorBoard.Adc">
            <summary>ADコンバーターの分解能</summary>
        </member>
        <member name="F:GrFamily.ExternalBoard.SensorBoard.DefaultVr1">
            <summary>サーミスターの分圧抵抗値（VR1を中間に設定した状態をデフォルトとする）</summary>
        </member>
        <member name="F:GrFamily.ExternalBoard.SensorBoard.DefaultVr2">
            <summary>ブロック端子台の分圧抵抗値（VR2を中間に設定した状態をデフォルトとする）</summary>
        </member>
        <member name="F:GrFamily.ExternalBoard.SensorBoard.DefaultClockRateKhz">
            <summary>I2Cのクロック周波数</summary>
        </member>
        <member name="F:GrFamily.ExternalBoard.SensorBoard.DefaultTimeout">
            <summary>I2Cのタイムアウト時間</summary>
        </member>
        <member name="F:GrFamily.ExternalBoard.SensorBoard._temperature">
            <summary>温度センサー（サーミスター）</summary>
            <remarks>103AT</remarks>
        </member>
        <member name="F:GrFamily.ExternalBoard.SensorBoard._accelerometer">
            <summary>加速度センサー</summary>
            <remarks>ADSL345</remarks>
        </member>
        <member name="F:GrFamily.ExternalBoard.SensorBoard._terminal">
            <summary>端子台</summary>
        </member>
        <member name="F:GrFamily.ExternalBoard.SensorBoard._vr1">
            <summary>分圧抵抗値（サーミスター用）</summary>
        </member>
        <member name="F:GrFamily.ExternalBoard.SensorBoard._vr2">
            <summary>分圧抵抗値（端子台用）</summary>
        </member>
        <member name="P:GrFamily.ExternalBoard.SensorBoard.Temperature">
            <summary>
            温度センサーのコンストラクター
            </summary>
        </member>
        <member name="P:GrFamily.ExternalBoard.SensorBoard.Accelerometer">
            <summary>
            加速度センサーのコンストラクター
            </summary>
        </member>
        <member name="P:GrFamily.ExternalBoard.SensorBoard.Terminal">
            <summary>
            端子台のコンストラクター
            </summary>
        </member>
        <member name="M:GrFamily.ExternalBoard.SensorBoard.#ctor">
            <summary>
            PinKit センサーボードのコンストラクター
            </summary>
        </member>
        <member name="M:GrFamily.ExternalBoard.SensorBoard.#ctor(System.Double,System.Double)">
            <summary>
            PinKit センサーボードのコンストラクター
            </summary>
            <param name="vr1">分圧抵抗値（サーミスター用）</param>
            <param name="vr2">分圧抵抗値（端子台用）</param>
        </member>
        <member name="T:GrFamily.ExternalBoard.TerminalMeasurementCompleteEventHandler">
            <summary>
            端子台に接続したセンサーの測定値を返すデリゲート
            </summary>
            <param name="sender"></param>
            <param name="e"></param>
        </member>
        <member name="T:GrFamily.ExternalBoard.SensorTerminal">
            <summary>
            端子台を使用したセンサー
            </summary>
        </member>
        <member name="E:GrFamily.ExternalBoard.SensorTerminal.MeasurementComplete">
            <summary>
            端子台に接続したセンサーでの測定時のイベントハンドラー
            </summary>
        </member>
        <member name="F:GrFamily.ExternalBoard.SensorTerminal._sensor">
            <summary>
            アナログ入力ピン
            </summary>
        </member>
        <member name="F:GrFamily.ExternalBoard.SensorTerminal._timer">
            <summary>
            端子台センサーのデータを定期的に測定するためのタイマー
            </summary>
        </member>
        <member name="M:GrFamily.ExternalBoard.SensorTerminal.#ctor(Microsoft.SPOT.Hardware.Cpu.AnalogChannel)">
            <summary>
            コンストラクター
            </summary>
            <param name="channel">アナログチャンネル</param>
        </member>
        <member name="P:GrFamily.ExternalBoard.SensorTerminal.Interval">
            <summary>
            センサーデータ測定の間隔<br />単位 : ミリ秒
            </summary>
            <remarks>正の整数でない場合はタイマーを実行しない</remarks>
        </member>
        <member name="M:GrFamily.ExternalBoard.SensorTerminal.Measure_Timer(System.Object)">
            <summary>
            端子台に接続したセンサーから定期的にデータを取得する
            </summary>
            <param name="state">未使用</param>
        </member>
        <member name="M:GrFamily.ExternalBoard.SensorTerminal.StartTakingMeasurements">
            <summary>
            タイマーを起動して、端子台に接続したセンサーから定期的にデータの取得を始める
            </summary>
        </member>
        <member name="M:GrFamily.ExternalBoard.SensorTerminal.StopTakingMeasurements">
            <summary>
            端子台に接続したセンサーから定期的にデータを取得するためのタイマーを停止する
            </summary>
        </member>
        <member name="M:GrFamily.ExternalBoard.SensorTerminal.ReadRaw">
            <summary>
            端子台に接続したセンサーの生の測定値を取得する
            </summary>
            <returns>0～4095の値</returns>
            <remarks>GR-PEAChではA/D変換の分解能は4096</remarks>
        </member>
        <member name="M:GrFamily.ExternalBoard.SensorTerminal.Read">
            <summary>
            端子台に接続したセンサーの測定値を取得する
            </summary>
            <returns>0～1.0の値</returns>
        </member>
        <member name="T:GrFamily.ExternalBoard.SensorTerminal.MeasurementCompleteEventArgs">
            <summary>
            データ取得のイベントハンドラーに渡されるセンサーデータ（端子台に接続したセンサー）
            </summary>
        </member>
        <member name="F:GrFamily.ExternalBoard.SensorTerminal.MeasurementCompleteEventArgs.RawValue">
            <summary>0～4095の値</summary>
        </member>
        <member name="F:GrFamily.ExternalBoard.SensorTerminal.MeasurementCompleteEventArgs.Value">
            <summary>0～1.0の値</summary>
        </member>
        <member name="T:GrFamily.ExternalBoard.TemperatureMeasurementCompleteEventHandler">
            <summary>
            温度センサー（サーミスター）の測定値を返すイベントハンドラー
            </summary>
            <param name="sender"></param>
            <param name="e"></param>
        </member>
        <member name="T:GrFamily.ExternalBoard.Temperature">
            <summary>
            温度センサー（サーミスター）
            </summary>
        </member>
        <member name="E:GrFamily.ExternalBoard.Temperature.MeasurementComplete">
            <summary>
            温度測定時にイベントハンドラーを通して返却するセンサーデータ
            </summary>
        </member>
        <member name="F:GrFamily.ExternalBoard.Temperature.Tk">
            <summary>摂氏0度の絶対温度での値</summary>
        </member>
        <member name="F:GrFamily.ExternalBoard.Temperature.T25">
            <summary>摂氏25度の絶対温度での値</summary>
        </member>
        <member name="F:GrFamily.ExternalBoard.Temperature._temperatureInput">
            <summary>サーミスターの入力ポート</summary>
        </member>
        <member name="F:GrFamily.ExternalBoard.Temperature._bc">
            <summary>サーミスターのB定数</summary>
        </member>
        <member name="F:GrFamily.ExternalBoard.Temperature._r25">
            <summary>摂氏25度でのゼロ負荷抵抗値</summary>
        </member>
        <member name="F:GrFamily.ExternalBoard.Temperature._vrd">
            <summary>分圧抵抗値</summary>
        </member>
        <member name="F:GrFamily.ExternalBoard.Temperature._adc">
            <summary>ADコンバーターの分解能</summary>
        </member>
        <member name="P:GrFamily.ExternalBoard.Temperature.Interval">
            <summary>
            センサーデータ測定の間隔<br />単位 : ミリ秒
            </summary>
            <remarks>正の整数でない場合はタイマーを実行しない</remarks>
        </member>
        <member name="M:GrFamily.ExternalBoard.Temperature.#ctor(Microsoft.SPOT.Hardware.Cpu.AnalogChannel,System.Double,System.Double,System.Double,System.Double)">
            <summary>
            コンストラクター
            </summary>
            <param name="channel">サーミスターを接続するアナログチャンネル</param>
            <param name="bc">サーミスターのB定数値</param>
            <param name="r25">摂氏25度のゼロ負荷抵抗値</param>
            <param name="vrd">分圧する抵抗値</param>
            <param name="adc">A/D変換の分解能</param>
        </member>
        <member name="M:GrFamily.ExternalBoard.Temperature.TakeMeasurement">
            <summary>
            温度を測定する
            </summary>
            <returns>温度（摂氏）</returns>
        </member>
        <member name="M:GrFamily.ExternalBoard.Temperature.Measure_Timer(System.Object)">
            <summary>
            定期的に温度を取得する
            </summary>
            <param name="state">未使用</param>
        </member>
        <member name="M:GrFamily.ExternalBoard.Temperature.StartTakingMeasurements">
            <summary>
            タイマーを起動して、定期的に温度の取得を始める
            </summary>
        </member>
        <member name="M:GrFamily.ExternalBoard.Temperature.StopTakingMeasurements">
            <summary>
            温度を定期的に取得するためのタイマーを停止する
            </summary>
        </member>
        <member name="T:GrFamily.ExternalBoard.Temperature.MeasurementCompleteEventArgs">
            <summary>
            データ取得のイベントハンドラーに渡される温度データ
            </summary>
        </member>
        <member name="F:GrFamily.ExternalBoard.Temperature.MeasurementCompleteEventArgs.Temperature">
            <summary>温度</summary>
        </member>
    </members>
</doc>
