<?xml version="1.0"?>
<doc>
    <assembly>
        <name>GrFamily.Utility.NetworkUtility</name>
    </assembly>
    <members>
        <member name="T:GrFamily.Utility.NetworkUtility">
            <summary>
            NICの初期化クラス
            </summary>
        </member>
        <member name="M:GrFamily.Utility.NetworkUtility.InitNetwork(System.Int32)">
            <summary>
            NICを初期化する
            </summary>
            <param name="initialWait">初期化開始前の待ち時間（単位：ミリ秒、デフォルト値=1000ms）</param>
            <returns>IPアドレス</returns>
        </member>
        <member name="T:GrFamily.Utility.SystemTimeInitializer">
            <summary>
            NTPサーバーから現在日時を取得するクラス
            </summary>
        </member>
        <member name="M:GrFamily.Utility.SystemTimeInitializer.InitSystemTime">
            <summary>
            デフォルトの NTP サーバー、時差を使って、NTPサーバーから日時を取得してローカル日時を設定する
            </summary>
            <remarks>デフォルト NTP サーバーは ntp.nict.jp<br />
            デフォルト時差は 540分 (+9時間)</remarks>
        </member>
        <member name="M:GrFamily.Utility.SystemTimeInitializer.InitSystemTime(System.String,System.Int32)">
            <summary>
            NTP サーバー、時差を指定して、日時を取得してローカル日時を設定する
            </summary>
            <param name="ntpServer">NTP サーバー</param>
            <param name="timezoneOffset">時差 (単位：分)</param>
            <remarks>情報源<br />
            http://stackoverflow.com/questions/1193955/how-to-query-an-ntp-server-using-c<br />
            http://weblogs.asp.net/mschwarz/wrong-datetime-on-net-micro-framework-devices</remarks>
        </member>
    </members>
</doc>
