<?xml version="1.0"?>
<doc>
    <assembly>
        <name>GrFamily.Module.LiquidCrystal</name>
    </assembly>
    <members>
        <member name="T:GrFamily.Module.LiquidCrystal">
            <summary>
            GPIO接続の液晶キャラクターディスプレイ
            </summary>
            <remarks>本クラスは4ビットモード専用</remarks>
        </member>
        <member name="F:GrFamily.Module.LiquidCrystal._pinRs">
            <summary>レジスター選択</summary>
        </member>
        <member name="F:GrFamily.Module.LiquidCrystal._pinEnable">
            <summary>リード・ライトイネーブル信号</summary>
        </member>
        <member name="F:GrFamily.Module.LiquidCrystal._pinDb7">
            <summary>データビット7</summary>
        </member>
        <member name="F:GrFamily.Module.LiquidCrystal._pinDb6">
            <summary>データビット6</summary>
        </member>
        <member name="F:GrFamily.Module.LiquidCrystal._pinDb5">
            <summary>データビット5</summary>
        </member>
        <member name="F:GrFamily.Module.LiquidCrystal._pinDb4">
            <summary>データビット4</summary>
        </member>
        <member name="F:GrFamily.Module.LiquidCrystal._displayOn">
            <summary>ディスプレイをオンにするかどうか</summary>
        </member>
        <member name="F:GrFamily.Module.LiquidCrystal._cursorOn">
            <summary>カーソルを表示するかどうか</summary>
        </member>
        <member name="F:GrFamily.Module.LiquidCrystal._blinkOn">
            <summary>カーソル位置でブリンクするかどうか</summary>
        </member>
        <member name="F:GrFamily.Module.LiquidCrystal._commandWait">
            <summary>コマンド実行後のウェイトタイム（単位：ミリ秒）</summary>
        </member>
        <member name="M:GrFamily.Module.LiquidCrystal.#ctor(Microsoft.SPOT.Hardware.Cpu.Pin,Microsoft.SPOT.Hardware.Cpu.Pin,Microsoft.SPOT.Hardware.Cpu.Pin,Microsoft.SPOT.Hardware.Cpu.Pin,Microsoft.SPOT.Hardware.Cpu.Pin,Microsoft.SPOT.Hardware.Cpu.Pin)">
            <summary>
            コンストラクター
            </summary>
            <param name="rsPort">レジスター選択のピン番号</param>
            <param name="enablePort">リード・ライトイネーブル信号のピン番号</param>
            <param name="db4Port">データビット4のピン番号</param>
            <param name="db5Port">データビット5のピン番号</param>
            <param name="db6Port">データビット6のピン番号</param>
            <param name="db7Port">データビット7のピン番号</param>
        </member>
        <member name="M:GrFamily.Module.LiquidCrystal.InitDevice(System.Int32)">
            <summary>
            液晶キャラクターディスプレイのモジュールを初期化する
            </summary>
            <param name="wait">初期化コマンド送信後のウェイトタイム</param>
        </member>
        <member name="M:GrFamily.Module.LiquidCrystal.Print(System.String)">
            <summary>
            文字列を現在のカーソル位置から出力する
            </summary>
            <param name="msg">表示する文字列</param>
        </member>
        <member name="M:GrFamily.Module.LiquidCrystal.Clear">
            <summary>
            表示クリア
            </summary>
        </member>
        <member name="M:GrFamily.Module.LiquidCrystal.Home">
            <summary>
            カーソルを初期位置に戻す
            </summary>
            <remarks>表示は消さない</remarks>
        </member>
        <member name="M:GrFamily.Module.LiquidCrystal.DisplayOn(System.Boolean)">
            <summary>
            ディスプレイの表示・非表示を切り替える
            </summary>
            <param name="displayOn"></param>
        </member>
        <member name="M:GrFamily.Module.LiquidCrystal.CursorOn(System.Boolean)">
            <summary>
            カーソル表示オン・オフを切り替える
            </summary>
            <param name="cursorOn">カーソル表示する場合は true、そうでない場合は false</param>
        </member>
        <member name="M:GrFamily.Module.LiquidCrystal.BlinkOn(System.Boolean)">
            <summary>
            カーソル位置のブリンクのオン・オフを切り替える
            </summary>
            <param name="blinkOn">カーソル位置でブリンクする場合は true、そうでない場合は false</param>
        </member>
        <member name="M:GrFamily.Module.LiquidCrystal.SetCursor(System.Int32,System.Int32)">
            <summary>
            カーソル位置を移動
            </summary>
            <param name="row">行</param>
            <param name="col">列</param>
            <remarks>row, colともに 0 始まり</remarks>
        </member>
        <member name="M:GrFamily.Module.LiquidCrystal.Write(System.Byte)">
            <summary>
            現在位置に１文字出力
            </summary>
            <param name="data">出力する文字コード</param>
        </member>
        <member name="M:GrFamily.Module.LiquidCrystal.ControlDisplay(System.Boolean,System.Boolean,System.Boolean)">
            <summary>
            ディスプレイの表示に関する設定を変更する
            </summary>
            <param name="displayOn">ディスプレイ表示を行うかどうか</param>
            <param name="cursorOn">カーソル表示を行うかどうか</param>
            <param name="blinkOn">カーソルのブリンクを行うかどうか</param>
        </member>
        <member name="M:GrFamily.Module.LiquidCrystal.WriteCommand(System.Boolean,System.Boolean,System.Boolean,System.Boolean,System.Int32)">
            <summary>
            制御コマンドを送信する
            </summary>
            <param name="db7">データビット7</param>
            <param name="db6">データビット6</param>
            <param name="db5">データビット5</param>
            <param name="db4">データビット4</param>
            <param name="wait">コマンド送信後のウェイトタイム</param>
        </member>
    </members>
</doc>
