﻿<?xml version="1.0" encoding="utf-8"?>
<HelpKI>
  <HelpKINode Title="Accelerometer class">
    <HelpKINode Title="Accelerometer Class" Url="html/602efda2-f899-0693-d390-0f7aff49e81c.htm" />
    <HelpKINode Title="about Accelerometer class" Url="html/602efda2-f899-0693-d390-0f7aff49e81c.htm" />
    <HelpKINode Title="events" Url="html/c4752299-8d8b-e20b-dacf-0e59917be1da.htm" />
    <HelpKINode Title="methods" Url="html/6011c334-11b4-3ad8-665e-a8be94d724ac.htm" />
    <HelpKINode Title="properties" Url="html/2be5d3bf-6c1a-bbcb-4b36-404618e67a65.htm" />
  </HelpKINode>
  <HelpKINode Title="Accelerometer property" Url="html/4d2ac51a-53db-74e1-f897-9428524b7054.htm" />
  <HelpKINode Title="Accelerometer.GetX method" Url="html/f042cff7-6e6c-bed0-ccac-82a5c536a85f.htm" />
  <HelpKINode Title="Accelerometer.GetXYZ method" Url="html/18845040-627d-ea05-12c8-81c219c51a0a.htm" />
  <HelpKINode Title="Accelerometer.GetY method" Url="html/82d0d30b-e2c2-1665-769d-c76c3c0095ff.htm" />
  <HelpKINode Title="Accelerometer.GetZ method" Url="html/870f4a6d-1527-5b29-0b6a-5bc7183992f6.htm" />
  <HelpKINode Title="Accelerometer.Interval property" Url="html/79456d2c-6506-a4ae-62bd-ee2a2457e07b.htm" />
  <HelpKINode Title="Accelerometer.MeasurementComplete event" Url="html/70c160ec-3549-4a8a-9afd-6c1479a107ac.htm" />
  <HelpKINode Title="Accelerometer.MeasurementCompleteEventArgs class">
    <HelpKINode Title="Accelerometer.MeasurementCompleteEventArgs Class" Url="html/a55f83df-7cb9-3e48-1e0a-c558fea71d15.htm" />
    <HelpKINode Title="about Accelerometer.MeasurementCompleteEventArgs class" Url="html/a55f83df-7cb9-3e48-1e0a-c558fea71d15.htm" />
    <HelpKINode Title="constructor" Url="html/de13272c-2630-9f70-37c6-6fcad12cba4c.htm" />
  </HelpKINode>
  <HelpKINode Title="Accelerometer.MeasurementCompleteEventArgs.MeasurementCompleteEventArgs constructor" Url="html/de13272c-2630-9f70-37c6-6fcad12cba4c.htm" />
  <HelpKINode Title="Accelerometer.MeasurementCompleteEventArgs.X field" Url="html/9b848334-d2d0-1bab-f3d7-565d55bbae3e.htm" />
  <HelpKINode Title="Accelerometer.MeasurementCompleteEventArgs.Y field" Url="html/f3b672e1-20f3-65a6-8f5b-7c7616339d85.htm" />
  <HelpKINode Title="Accelerometer.MeasurementCompleteEventArgs.Z field" Url="html/b2e4ad39-8935-a2b9-0530-d9a23167765e.htm" />
  <HelpKINode Title="Accelerometer.MeasurementRange property" Url="html/8fbdbbfc-f770-2036-3189-74229559b70f.htm" />
  <HelpKINode Title="Accelerometer.Range enumeration" Url="html/ffb9f291-dee2-7396-8d0f-7a011fb79148.htm" />
  <HelpKINode Title="Accelerometer.StartTakingMeasurements method" Url="html/dd13afa4-d8b3-5852-7aac-980cad948b8f.htm" />
  <HelpKINode Title="Accelerometer.StopTakingMeasurements method" Url="html/6d142d32-00db-fcef-e4e5-540b51b9cf6b.htm" />
  <HelpKINode Title="AccelerometerMeasurementCompleteEventHandler delegate" Url="html/44b9cc91-c481-b50a-5bcf-919173e6c400.htm" />
  <HelpKINode Title="Adxl345 class">
    <HelpKINode Title="Adxl345 Class" Url="html/ffd3845a-22c8-086b-6389-29f0a52a2de8.htm" />
    <HelpKINode Title="about Adxl345 class" Url="html/ffd3845a-22c8-086b-6389-29f0a52a2de8.htm" />
    <HelpKINode Title="constructor" Url="html/380a5e37-fa50-eded-26b1-d112b852afda.htm" />
    <HelpKINode Title="events" Url="html/6a0e509f-e899-3951-80c7-e07a6a022eb6.htm" />
    <HelpKINode Title="methods" Url="html/51ea92c5-1a31-70d5-dac6-c63067894045.htm" />
    <HelpKINode Title="properties" Url="html/c763d930-c1f2-ea00-2b49-f1b49a368484.htm" />
  </HelpKINode>
  <HelpKINode Title="Adxl345.Adxl345 constructor" Url="html/380a5e37-fa50-eded-26b1-d112b852afda.htm" />
  <HelpKINode Title="Adxl345.GetX method" Url="html/80b2ab17-8c6a-7fc0-feb7-fea0bc593f8f.htm" />
  <HelpKINode Title="Adxl345.GetXYZ method" Url="html/07b3891f-11ad-d064-68fb-50efecc214c0.htm" />
  <HelpKINode Title="Adxl345.GetY method" Url="html/02a37ea8-d920-227b-e591-23853eb85677.htm" />
  <HelpKINode Title="Adxl345.GetZ method" Url="html/da20a281-a927-89f0-3c44-3f64fad8bdfb.htm" />
  <HelpKINode Title="Adxl345.Interval property" Url="html/15652571-7d1b-b88e-4e99-620acf778035.htm" />
  <HelpKINode Title="Adxl345.MeasurementComplete event" Url="html/e6b3dabd-880c-748e-2934-6be1228f4160.htm" />
  <HelpKINode Title="Adxl345.MeasurementCompleteEventArgs class">
    <HelpKINode Title="Adxl345.MeasurementCompleteEventArgs Class" Url="html/8267675a-36a7-dbaf-527b-8aa32a71b32b.htm" />
    <HelpKINode Title="about Adxl345.MeasurementCompleteEventArgs class" Url="html/8267675a-36a7-dbaf-527b-8aa32a71b32b.htm" />
    <HelpKINode Title="constructor" Url="html/6d553e9d-7871-90cb-9b99-68f5696e434f.htm" />
  </HelpKINode>
  <HelpKINode Title="Adxl345.MeasurementCompleteEventArgs.MeasurementCompleteEventArgs constructor" Url="html/6d553e9d-7871-90cb-9b99-68f5696e434f.htm" />
  <HelpKINode Title="Adxl345.MeasurementCompleteEventArgs.X field" Url="html/0cff93cc-25cb-66e3-f9a1-a7e8a9c51fe7.htm" />
  <HelpKINode Title="Adxl345.MeasurementCompleteEventArgs.Y field" Url="html/5a3bbd80-be28-514f-fb5f-030fa6862ec7.htm" />
  <HelpKINode Title="Adxl345.MeasurementCompleteEventArgs.Z field" Url="html/e8f8a3a5-0594-3374-47b0-4187479ba41f.htm" />
  <HelpKINode Title="Adxl345.MeasurementRange property" Url="html/2339b826-48f1-1b29-55d7-65648de18343.htm" />
  <HelpKINode Title="Adxl345.Range enumeration" Url="html/e8bbb0df-c057-7036-38b2-f056d8a39b85.htm" />
  <HelpKINode Title="Adxl345.StartTakingMeasurements method" Url="html/388b599c-95ce-b8ea-a879-92892ba3dc1e.htm" />
  <HelpKINode Title="Adxl345.StopTakingMeasurements method" Url="html/15ba7ace-8ee0-a5c1-2800-6de248d560ed.htm" />
  <HelpKINode Title="Adxl345MeasurementCompleteEventHandler delegate" Url="html/a1bcf714-d332-ed05-5088-0002aba6300e.htm" />
  <HelpKINode Title="AnalogMeasurementCompleteEventHandler delegate" Url="html/f7de1c6f-81e4-3d7f-b6dd-d1fd89db9aab.htm" />
  <HelpKINode Title="AnalogSensor class">
    <HelpKINode Title="AnalogSensor Class" Url="html/47f108d5-1723-a79c-4c28-22f0c431806e.htm" />
    <HelpKINode Title="about AnalogSensor class" Url="html/47f108d5-1723-a79c-4c28-22f0c431806e.htm" />
    <HelpKINode Title="constructor" Url="html/873d65ee-6fb2-c932-2df6-c0003cd5223c.htm" />
    <HelpKINode Title="events" Url="html/d77a7cf4-0db0-87cd-86b7-0cd5a3513f32.htm" />
    <HelpKINode Title="methods" Url="html/989bf78a-dbf1-01aa-3aa2-3ce26f4112e8.htm" />
    <HelpKINode Title="properties" Url="html/916ebec3-4af7-1595-ee8a-dba2cd43a11e.htm" />
  </HelpKINode>
  <HelpKINode Title="AnalogSensor.AnalogSensor constructor" Url="html/873d65ee-6fb2-c932-2df6-c0003cd5223c.htm" />
  <HelpKINode Title="AnalogSensor.Enabled property" Url="html/8e418b04-c80c-bc9a-4b39-6657052f046c.htm" />
  <HelpKINode Title="AnalogSensor.Interval property" Url="html/6f3547c8-1d12-0ddc-616d-efeca07c0af8.htm" />
  <HelpKINode Title="AnalogSensor.MeasurementComplete event" Url="html/d88da9bd-74db-8033-3743-479c3674e08b.htm" />
  <HelpKINode Title="AnalogSensor.MeasurementCompleteEventArgs class">
    <HelpKINode Title="AnalogSensor.MeasurementCompleteEventArgs Class" Url="html/52d86c8f-c292-7d82-91d4-68ed680b1fdc.htm" />
    <HelpKINode Title="about AnalogSensor.MeasurementCompleteEventArgs class" Url="html/52d86c8f-c292-7d82-91d4-68ed680b1fdc.htm" />
    <HelpKINode Title="constructor" Url="html/bac50e06-da2b-7fe6-ea86-9184644b31b5.htm" />
  </HelpKINode>
  <HelpKINode Title="AnalogSensor.MeasurementCompleteEventArgs.MeasurementCompleteEventArgs constructor" Url="html/bac50e06-da2b-7fe6-ea86-9184644b31b5.htm" />
  <HelpKINode Title="AnalogSensor.MeasurementCompleteEventArgs.RawValue field" Url="html/477080fa-7282-ffa8-9992-da235ef744a8.htm" />
  <HelpKINode Title="AnalogSensor.MeasurementCompleteEventArgs.Value field" Url="html/7e85316c-72f5-9061-a020-dae5f37c4ec9.htm" />
  <HelpKINode Title="AnalogSensor.Read method" Url="html/0e85d762-4f84-58fc-927a-13c14c6c762e.htm" />
  <HelpKINode Title="AnalogSensor.ReadRaw method" Url="html/df4e8fb6-6714-7e77-ad2a-c7f2d48f286c.htm" />
  <HelpKINode Title="ANALOG_0 field" Url="html/0d470d28-9352-83b0-032f-9eab6aed9354.htm" />
  <HelpKINode Title="ANALOG_1 field" Url="html/97ba1947-2243-7416-27b8-efe1f9f1e9c0.htm" />
  <HelpKINode Title="ANALOG_2 field" Url="html/7b583029-71ae-8cad-9b92-13b203812617.htm" />
  <HelpKINode Title="ANALOG_3 field" Url="html/5ef7ae42-eb84-36ee-4a6e-4a1e61159778.htm" />
  <HelpKINode Title="ANALOG_4 field" Url="html/a424e8cd-3551-a9b2-a96a-39c6e5ad2dbe.htm" />
  <HelpKINode Title="ANALOG_5 field" Url="html/219c0bdd-dd57-70c5-7866-ed093d6f05a6.htm" />
  <HelpKINode Title="Animate method" Url="html/21cc001a-31e2-b97e-113a-317fd3118c01.htm" />
  <HelpKINode Title="Black enumeration member" Url="html/c7160db7-dbb1-bcb9-e497-b3f07bbad3e7.htm" />
  <HelpKINode Title="BlinkOn method">
    <HelpKINode Title="I2CLiquidCrystal.BlinkOn Method " Url="html/5ee71986-1651-0ebc-9040-4295d76da9b4.htm" />
    <HelpKINode Title="LiquidCrystal.BlinkOn Method " Url="html/86972a81-6851-8837-5711-f48727fb05a7.htm" />
  </HelpKINode>
  <HelpKINode Title="Blue enumeration member" Url="html/c7160db7-dbb1-bcb9-e497-b3f07bbad3e7.htm" />
  <HelpKINode Title="Button class">
    <HelpKINode Title="Button Class" Url="html/3041a183-1752-20f2-e19e-449a3eecc9d4.htm" />
    <HelpKINode Title="about Button class" Url="html/3041a183-1752-20f2-e19e-449a3eecc9d4.htm" />
    <HelpKINode Title="constructor" Url="html/00e7d5fe-12a1-4973-7db5-76fbdb637e6c.htm" />
    <HelpKINode Title="events" Url="html/fa796f0a-194c-fda7-9bb5-2c8be24123e0.htm" />
    <HelpKINode Title="fields" Url="html/2ec9fde8-6a6f-2069-ed48-3fd66c44796c.htm" />
    <HelpKINode Title="methods" Url="html/1cc57e1e-f298-ac2d-2a47-c87b9273ae38.htm" />
    <HelpKINode Title="properties" Url="html/d4b2a261-fd55-5002-a6f2-d7c85d94cdfa.htm" />
  </HelpKINode>
  <HelpKINode Title="Button property">
    <HelpKINode Title="Peach.Button Property " Url="html/fd718483-2de1-ad98-008c-b6c6364dad40.htm" />
    <HelpKINode Title="Sakura.Button Property " Url="html/1ab80973-6a0a-8a6d-6d05-efb059ad5409.htm" />
  </HelpKINode>
  <HelpKINode Title="Button.Button constructor" Url="html/00e7d5fe-12a1-4973-7db5-76fbdb637e6c.htm" />
  <HelpKINode Title="Button.ButtonPort field" Url="html/6bee980b-eaca-dfb8-7c16-4f2c5bcd3f1e.htm" />
  <HelpKINode Title="Button.ButtonPressed event" Url="html/74adf32e-361c-be6f-6545-46359f266139.htm" />
  <HelpKINode Title="Button.ButtonReleased event" Url="html/e234bf8d-4498-acb5-c76f-f2e77d1ca291.htm" />
  <HelpKINode Title="Button.ButtonState enumeration" Url="html/28f354a4-1e31-85ee-f277-487e7a9b430e.htm" />
  <HelpKINode Title="Button.IsPressed property" Url="html/a9b0a87a-9e8c-861c-4ed7-374b0583554d.htm" />
  <HelpKINode Title="Button.PrevPressed field" Url="html/c0ab4ff8-7fc3-e1e6-1426-738af2639c78.htm" />
  <HelpKINode Title="ButtonEventHandler delegate" Url="html/85cb34eb-2c1f-55ab-2299-a14df91e83b3.htm" />
  <HelpKINode Title="ButtonPort field" Url="html/6bee980b-eaca-dfb8-7c16-4f2c5bcd3f1e.htm" />
  <HelpKINode Title="ButtonPressed event" Url="html/74adf32e-361c-be6f-6545-46359f266139.htm" />
  <HelpKINode Title="ButtonReleased event" Url="html/e234bf8d-4498-acb5-c76f-f2e77d1ca291.htm" />
  <HelpKINode Title="Clear method">
    <HelpKINode Title="I2CLiquidCrystal.Clear Method " Url="html/3acb96c8-52ae-05de-7aa5-4c082f29c05b.htm" />
    <HelpKINode Title="LiquidCrystal.Clear Method " Url="html/e9bde387-cf0f-4cdb-f87b-2d99822f972f.htm" />
  </HelpKINode>
  <HelpKINode Title="Collapsed enumeration member" Url="html/d599743a-d06e-5df0-2d7c-9226aa1ca42b.htm" />
  <HelpKINode Title="CursorOn method">
    <HelpKINode Title="I2CLiquidCrystal.CursorOn Method " Url="html/576a850f-6b30-18d0-f228-c9f93f0ddfca.htm" />
    <HelpKINode Title="LiquidCrystal.CursorOn Method " Url="html/b624ca71-ce89-59eb-00e2-eac4fec6053c.htm" />
  </HelpKINode>
  <HelpKINode Title="Cyan enumeration member" Url="html/c7160db7-dbb1-bcb9-e497-b3f07bbad3e7.htm" />
  <HelpKINode Title="DebuggerBrowsableState enumeration" Url="html/d599743a-d06e-5df0-2d7c-9226aa1ca42b.htm" />
  <HelpKINode Title="DebugLed class">
    <HelpKINode Title="DebugLed Class" Url="html/ce67b6ad-0437-f528-892b-dc94ffcf8f94.htm" />
    <HelpKINode Title="about DebugLed class" Url="html/ce67b6ad-0437-f528-892b-dc94ffcf8f94.htm" />
    <HelpKINode Title="constructor" Url="html/db251d6c-03d0-bba7-78b9-3bc7e4b45ed1.htm" />
    <HelpKINode Title="fields" Url="html/e14136a5-94a3-4923-f284-172f3d336768.htm" />
    <HelpKINode Title="methods" Url="html/da936ffd-519b-89ae-ce7e-77685937ff0a.htm" />
  </HelpKINode>
  <HelpKINode Title="DebugLed.DebugLed constructor" Url="html/db251d6c-03d0-bba7-78b9-3bc7e4b45ed1.htm" />
  <HelpKINode Title="DebugLed.PulseDebugLed method" Url="html/cdc2c8c6-9f93-cf0a-3c01-90aea92e720f.htm" />
  <HelpKINode Title="DisplayOn method">
    <HelpKINode Title="I2CLiquidCrystal.DisplayOn Method " Url="html/12f9de81-f663-1297-06c0-155862e0ce49.htm" />
    <HelpKINode Title="LiquidCrystal.DisplayOn Method " Url="html/fdb3ea81-f3a4-cca2-6937-a0ddd047a73e.htm" />
  </HelpKINode>
  <HelpKINode Title="EightG enumeration member">
    <HelpKINode Title="Accelerometer.Range Enumeration" Url="html/ffb9f291-dee2-7396-8d0f-7a011fb79148.htm" />
    <HelpKINode Title="Adxl345.Range Enumeration" Url="html/e8bbb0df-c057-7036-38b2-f056d8a39b85.htm" />
  </HelpKINode>
  <HelpKINode Title="Enabled property" Url="html/8e418b04-c80c-bc9a-4b39-6657052f046c.htm" />
  <HelpKINode Title="FourG enumeration member">
    <HelpKINode Title="Accelerometer.Range Enumeration" Url="html/ffb9f291-dee2-7396-8d0f-7a011fb79148.htm" />
    <HelpKINode Title="Adxl345.Range Enumeration" Url="html/e8bbb0df-c057-7036-38b2-f056d8a39b85.htm" />
  </HelpKINode>
  <HelpKINode Title="GetX method">
    <HelpKINode Title="Accelerometer.GetX Method " Url="html/f042cff7-6e6c-bed0-ccac-82a5c536a85f.htm" />
    <HelpKINode Title="Adxl345.GetX Method " Url="html/80b2ab17-8c6a-7fc0-feb7-fea0bc593f8f.htm" />
  </HelpKINode>
  <HelpKINode Title="GetXYZ method">
    <HelpKINode Title="Accelerometer.GetXYZ Method " Url="html/18845040-627d-ea05-12c8-81c219c51a0a.htm" />
    <HelpKINode Title="Adxl345.GetXYZ Method " Url="html/07b3891f-11ad-d064-68fb-50efecc214c0.htm" />
  </HelpKINode>
  <HelpKINode Title="GetY method">
    <HelpKINode Title="Accelerometer.GetY Method " Url="html/82d0d30b-e2c2-1665-769d-c76c3c0095ff.htm" />
    <HelpKINode Title="Adxl345.GetY Method " Url="html/02a37ea8-d920-227b-e591-23853eb85677.htm" />
  </HelpKINode>
  <HelpKINode Title="GetZ method">
    <HelpKINode Title="Accelerometer.GetZ Method " Url="html/870f4a6d-1527-5b29-0b6a-5bc7183992f6.htm" />
    <HelpKINode Title="Adxl345.GetZ Method " Url="html/da20a281-a927-89f0-3c44-3f64fad8bdfb.htm" />
  </HelpKINode>
  <HelpKINode Title="GPIO_PIN_A0 field" Url="html/c0f116f5-4551-9ee1-182f-2c75b65c9c4a.htm" />
  <HelpKINode Title="GPIO_PIN_A1 field" Url="html/95baab29-6121-7392-bc2e-f9fbec02e06e.htm" />
  <HelpKINode Title="GPIO_PIN_A2 field" Url="html/9a3607bd-e8f8-eee6-66b1-bed4605909b9.htm" />
  <HelpKINode Title="GPIO_PIN_A3 field" Url="html/2c9d168e-2275-df91-9de1-60fe0923e94e.htm" />
  <HelpKINode Title="GPIO_PIN_A4 field" Url="html/fd41adc6-a10b-8ee4-68d2-7ddbe1027231.htm" />
  <HelpKINode Title="GPIO_PIN_A5 field" Url="html/095ebbca-9044-6271-61c8-6b2bcb8b384a.htm" />
  <HelpKINode Title="GPIO_PIN_D0 field" Url="html/bfce9ce5-56be-3984-c965-96ddb42ae141.htm" />
  <HelpKINode Title="GPIO_PIN_D1 field" Url="html/6f013ed7-123b-6486-e1a2-d10870b9b12f.htm" />
  <HelpKINode Title="GPIO_PIN_D10 field" Url="html/99a280a4-9118-5094-a4ae-53f4761aef17.htm" />
  <HelpKINode Title="GPIO_PIN_D11 field" Url="html/75733a39-26f5-1365-fbe0-e45c4892b2cd.htm" />
  <HelpKINode Title="GPIO_PIN_D12 field" Url="html/b2bab19f-e9c2-0770-a1ca-8a17f2f354c5.htm" />
  <HelpKINode Title="GPIO_PIN_D13 field" Url="html/955598dc-ba41-b9be-5e54-c51c84b2bca8.htm" />
  <HelpKINode Title="GPIO_PIN_D14 field" Url="html/8b8df4cb-943e-cb48-4edf-9866527fc233.htm" />
  <HelpKINode Title="GPIO_PIN_D15 field" Url="html/fac83284-3f91-1a91-8f7b-4beb3a96f80f.htm" />
  <HelpKINode Title="GPIO_PIN_D2 field" Url="html/29cb321a-2fca-600a-3361-fdce14f263d9.htm" />
  <HelpKINode Title="GPIO_PIN_D3 field" Url="html/b5648bf5-a006-4522-d2ad-0269168f2d26.htm" />
  <HelpKINode Title="GPIO_PIN_D4 field" Url="html/dbd0ce94-68e3-66f1-d143-0fc87d3030f3.htm" />
  <HelpKINode Title="GPIO_PIN_D5 field" Url="html/c6fce7b7-af53-44c9-46b1-340ccbf11b37.htm" />
  <HelpKINode Title="GPIO_PIN_D6 field" Url="html/4697e6e2-76ef-b4f0-0b8e-1b914a94a28c.htm" />
  <HelpKINode Title="GPIO_PIN_D7 field" Url="html/af2d0db8-fe63-d853-47fd-9ab66e8cd736.htm" />
  <HelpKINode Title="GPIO_PIN_D8 field" Url="html/9f5900b2-b196-c448-eb37-0d27a01f0b76.htm" />
  <HelpKINode Title="GPIO_PIN_D9 field" Url="html/6d17a0a8-2429-fd19-08ee-1f3db7aa1870.htm" />
  <HelpKINode Title="Green enumeration member" Url="html/c7160db7-dbb1-bcb9-e497-b3f07bbad3e7.htm" />
  <HelpKINode Title="GrFamily.ExternalBoard namespace" Url="html/4e4670cd-8183-e911-656b-720b08ef2b43.htm" />
  <HelpKINode Title="GrFamily.ExternalBoard.Accelerometer class" Url="html/602efda2-f899-0693-d390-0f7aff49e81c.htm" />
  <HelpKINode Title="GrFamily.ExternalBoard.Accelerometer.MeasurementCompleteEventArgs class" Url="html/a55f83df-7cb9-3e48-1e0a-c558fea71d15.htm" />
  <HelpKINode Title="GrFamily.ExternalBoard.Accelerometer.Range enumeration" Url="html/ffb9f291-dee2-7396-8d0f-7a011fb79148.htm" />
  <HelpKINode Title="GrFamily.ExternalBoard.AccelerometerMeasurementCompleteEventHandler delegate" Url="html/44b9cc91-c481-b50a-5bcf-919173e6c400.htm" />
  <HelpKINode Title="GrFamily.ExternalBoard.SensorBoard class" Url="html/271b4b8d-bad2-0edd-82f4-7d8d9b3dedb3.htm" />
  <HelpKINode Title="GrFamily.ExternalBoard.SensorTerminal class" Url="html/9da262c3-9475-b93c-2317-7dd8e5f17ed9.htm" />
  <HelpKINode Title="GrFamily.ExternalBoard.SensorTerminal.MeasurementCompleteEventArgs class" Url="html/bb26c615-8858-0ebe-c2e2-df64b946bc67.htm" />
  <HelpKINode Title="GrFamily.ExternalBoard.Temperature class" Url="html/203fdc44-022e-b45d-30cc-e9817a525f8a.htm" />
  <HelpKINode Title="GrFamily.ExternalBoard.Temperature.MeasurementCompleteEventArgs class" Url="html/a3b1eb39-0eb0-a668-4064-5443c16f0a8c.htm" />
  <HelpKINode Title="GrFamily.ExternalBoard.TemperatureMeasurementCompleteEventHandler delegate" Url="html/57250975-5624-64c1-1563-2e97bf94eb0b.htm" />
  <HelpKINode Title="GrFamily.ExternalBoard.TerminalMeasurementCompleteEventHandler delegate" Url="html/06efa035-abbb-8582-49d1-cc8e98bae48d.htm" />
  <HelpKINode Title="GrFamily.MainBoard namespace" Url="html/f7001cd3-e0b1-ea0d-8b31-b4e7abf3d297.htm" />
  <HelpKINode Title="GrFamily.MainBoard.Button class" Url="html/3041a183-1752-20f2-e19e-449a3eecc9d4.htm" />
  <HelpKINode Title="GrFamily.MainBoard.Button.ButtonState enumeration" Url="html/28f354a4-1e31-85ee-f277-487e7a9b430e.htm" />
  <HelpKINode Title="GrFamily.MainBoard.ButtonEventHandler delegate" Url="html/85cb34eb-2c1f-55ab-2299-a14df91e83b3.htm" />
  <HelpKINode Title="GrFamily.MainBoard.DebugLed class" Url="html/ce67b6ad-0437-f528-892b-dc94ffcf8f94.htm" />
  <HelpKINode Title="GrFamily.MainBoard.Led class" Url="html/23a883aa-e314-38bb-3522-4f3ac8301519.htm" />
  <HelpKINode Title="GrFamily.MainBoard.Peach class" Url="html/fc332625-22af-93aa-31a1-6fbe09f0a818.htm" />
  <HelpKINode Title="GrFamily.MainBoard.Peach.Color enumeration" Url="html/c7160db7-dbb1-bcb9-e497-b3f07bbad3e7.htm" />
  <HelpKINode Title="GrFamily.MainBoard.Pins class" Url="html/26f3c186-b310-f05b-421e-2139885166cb.htm" />
  <HelpKINode Title="GrFamily.MainBoard.Sakura class" Url="html/a458882d-c7db-aed7-0c29-24dee9ac1557.htm" />
  <HelpKINode Title="GrFamily.Module namespace" Url="html/23f674d8-1bc1-1b8c-f226-019db8ee6966.htm" />
  <HelpKINode Title="GrFamily.Module.Adxl345 class" Url="html/ffd3845a-22c8-086b-6389-29f0a52a2de8.htm" />
  <HelpKINode Title="GrFamily.Module.Adxl345.MeasurementCompleteEventArgs class" Url="html/8267675a-36a7-dbaf-527b-8aa32a71b32b.htm" />
  <HelpKINode Title="GrFamily.Module.Adxl345.Range enumeration" Url="html/e8bbb0df-c057-7036-38b2-f056d8a39b85.htm" />
  <HelpKINode Title="GrFamily.Module.Adxl345MeasurementCompleteEventHandler delegate" Url="html/a1bcf714-d332-ed05-5088-0002aba6300e.htm" />
  <HelpKINode Title="GrFamily.Module.AnalogMeasurementCompleteEventHandler delegate" Url="html/f7de1c6f-81e4-3d7f-b6dd-d1fd89db9aab.htm" />
  <HelpKINode Title="GrFamily.Module.AnalogSensor class" Url="html/47f108d5-1723-a79c-4c28-22f0c431806e.htm" />
  <HelpKINode Title="GrFamily.Module.AnalogSensor.MeasurementCompleteEventArgs class" Url="html/52d86c8f-c292-7d82-91d4-68ed680b1fdc.htm" />
  <HelpKINode Title="GrFamily.Module.I2CDeviceEx class" Url="html/72edf364-5cef-b1bd-d94d-01798f8599d3.htm" />
  <HelpKINode Title="GrFamily.Module.I2CLiquidCrystal class" Url="html/1313d2ad-ae8f-1eee-1896-74b19c82835e.htm" />
  <HelpKINode Title="GrFamily.Module.LiquidCrystal class" Url="html/46f86547-7374-daa8-f170-7dff772c5175.htm" />
  <HelpKINode Title="GrFamily.Utility namespace" Url="html/d008af2b-154f-a65d-63d7-5fc172db4bbc.htm" />
  <HelpKINode Title="GrFamily.Utility.NetworkUtility class" Url="html/ac857798-c677-c1e1-ab14-3e99c00ab386.htm" />
  <HelpKINode Title="GrFamily.Utility.SystemTimeInitializer class" Url="html/6f9ee269-12b0-1383-c4e9-9e1bef1dc277.htm" />
  <HelpKINode Title="Home method">
    <HelpKINode Title="I2CLiquidCrystal.Home Method " Url="html/20fa5171-64c1-1361-9ca4-40a61f97236e.htm" />
    <HelpKINode Title="LiquidCrystal.Home Method " Url="html/c62dc60e-3721-b1e4-e270-98497538768a.htm" />
  </HelpKINode>
  <HelpKINode Title="I2CDeviceEx class">
    <HelpKINode Title="I2CDeviceEx Class" Url="html/72edf364-5cef-b1bd-d94d-01798f8599d3.htm" />
    <HelpKINode Title="about I2CDeviceEx class" Url="html/72edf364-5cef-b1bd-d94d-01798f8599d3.htm" />
    <HelpKINode Title="constructor" Url="html/6a22616e-38ff-e851-9868-d817ad0d0a6a.htm" />
    <HelpKINode Title="methods" Url="html/e511fc1d-d4c8-6206-7555-a6d29319eeaf.htm" />
  </HelpKINode>
  <HelpKINode Title="I2CDeviceEx.I2CDeviceEx constructor" Url="html/6a22616e-38ff-e851-9868-d817ad0d0a6a.htm" />
  <HelpKINode Title="I2CDeviceEx.RegRead method" Url="html/eb84c153-9b1c-a980-abd7-5ea7160c1077.htm" />
  <HelpKINode Title="I2CDeviceEx.RegReads method" Url="html/5f1fcca5-58df-e544-9248-540daff181da.htm" />
  <HelpKINode Title="I2CDeviceEx.RegWrite method" Url="html/d7076f2f-130f-411c-8302-83a7848ad271.htm" />
  <HelpKINode Title="I2CDeviceEx.RegWriteMask method" Url="html/fd7d1d26-4452-34a6-3123-2fe8e2ea017b.htm" />
  <HelpKINode Title="I2CLiquidCrystal class">
    <HelpKINode Title="I2CLiquidCrystal Class" Url="html/1313d2ad-ae8f-1eee-1896-74b19c82835e.htm" />
    <HelpKINode Title="about I2CLiquidCrystal class" Url="html/1313d2ad-ae8f-1eee-1896-74b19c82835e.htm" />
    <HelpKINode Title="constructor" Url="html/e1550adc-0631-d7f7-d010-d85d95594e2c.htm" />
    <HelpKINode Title="methods" Url="html/bb3ac7d4-b3d3-ed02-6bd9-12a4cb77c4f4.htm" />
  </HelpKINode>
  <HelpKINode Title="I2CLiquidCrystal.BlinkOn method" Url="html/5ee71986-1651-0ebc-9040-4295d76da9b4.htm" />
  <HelpKINode Title="I2CLiquidCrystal.Clear method" Url="html/3acb96c8-52ae-05de-7aa5-4c082f29c05b.htm" />
  <HelpKINode Title="I2CLiquidCrystal.CursorOn method" Url="html/576a850f-6b30-18d0-f228-c9f93f0ddfca.htm" />
  <HelpKINode Title="I2CLiquidCrystal.DisplayOn method" Url="html/12f9de81-f663-1297-06c0-155862e0ce49.htm" />
  <HelpKINode Title="I2CLiquidCrystal.Home method" Url="html/20fa5171-64c1-1361-9ca4-40a61f97236e.htm" />
  <HelpKINode Title="I2CLiquidCrystal.I2CLiquidCrystal constructor" Url="html/e1550adc-0631-d7f7-d010-d85d95594e2c.htm" />
  <HelpKINode Title="I2CLiquidCrystal.Print method" Url="html/a9c9cc7d-8aec-cbfa-fb11-7b173531feaf.htm" />
  <HelpKINode Title="I2CLiquidCrystal.SetCursor method" Url="html/fa8a27a5-ad2e-11ed-2349-1d6d1b6a2d81.htm" />
  <HelpKINode Title="I2CLiquidCrystal.WriteCharactor method" Url="html/ff319268-3e69-2ab4-661f-ef1d68ad80cc.htm" />
  <HelpKINode Title="I2CLiquidCrystal.WriteCommand method" Url="html/81f47ab2-6ed1-0621-aa6e-f8595bf225f2.htm" />
  <HelpKINode Title="InitDevice method" Url="html/67e66c3d-a3a6-6cd1-fadf-1a17473084c9.htm" />
  <HelpKINode Title="InitNetwork method" Url="html/acbb1c3e-8603-89ae-4f03-fdac1a9c017b.htm" />
  <HelpKINode Title="InitSystemTime method" Url="html/1b0d3202-93f9-2cd2-7ed7-1a00d1ebd3be.htm" />
  <HelpKINode Title="Interval property">
    <HelpKINode Title="Accelerometer.Interval Property " Url="html/79456d2c-6506-a4ae-62bd-ee2a2457e07b.htm" />
    <HelpKINode Title="Adxl345.Interval Property " Url="html/15652571-7d1b-b88e-4e99-620acf778035.htm" />
    <HelpKINode Title="AnalogSensor.Interval Property " Url="html/6f3547c8-1d12-0ddc-616d-efeca07c0af8.htm" />
    <HelpKINode Title="SensorTerminal.Interval Property " Url="html/3421734f-08e8-f907-2d6c-276c89e2652d.htm" />
    <HelpKINode Title="Temperature.Interval Property " Url="html/812d05bc-c7e4-2d1e-b7a8-2564daa1884f.htm" />
  </HelpKINode>
  <HelpKINode Title="IsPressed property" Url="html/a9b0a87a-9e8c-861c-4ed7-374b0583554d.htm" />
  <HelpKINode Title="Led class">
    <HelpKINode Title="Led Class" Url="html/23a883aa-e314-38bb-3522-4f3ac8301519.htm" />
    <HelpKINode Title="about Led class" Url="html/23a883aa-e314-38bb-3522-4f3ac8301519.htm" />
    <HelpKINode Title="constructor" Url="html/9ab31a9f-1ce1-4ff8-b598-8bc0514c8b8f.htm" />
    <HelpKINode Title="fields" Url="html/dd3648b4-0d08-0a71-36fb-88558f407487.htm" />
    <HelpKINode Title="methods" Url="html/2c010d33-0975-a2e0-1302-67c75b68336b.htm" />
  </HelpKINode>
  <HelpKINode Title="Led.Led constructor" Url="html/9ab31a9f-1ce1-4ff8-b598-8bc0514c8b8f.htm" />
  <HelpKINode Title="Led.LedPort field" Url="html/063657dd-eaea-bb3d-79f3-d5ca0fbf0d3b.htm" />
  <HelpKINode Title="Led.SetLed method" Url="html/3057f709-31b1-06a7-de97-911e682019a3.htm" />
  <HelpKINode Title="LedPort field" Url="html/063657dd-eaea-bb3d-79f3-d5ca0fbf0d3b.htm" />
  <HelpKINode Title="LiquidCrystal class">
    <HelpKINode Title="LiquidCrystal Class" Url="html/46f86547-7374-daa8-f170-7dff772c5175.htm" />
    <HelpKINode Title="about LiquidCrystal class" Url="html/46f86547-7374-daa8-f170-7dff772c5175.htm" />
    <HelpKINode Title="constructor" Url="html/fd23b29c-35ba-a61a-9461-d5e56ea57534.htm" />
    <HelpKINode Title="methods" Url="html/9334c8b8-91c0-ee65-684f-f352b6279698.htm" />
  </HelpKINode>
  <HelpKINode Title="LiquidCrystal.BlinkOn method" Url="html/86972a81-6851-8837-5711-f48727fb05a7.htm" />
  <HelpKINode Title="LiquidCrystal.Clear method" Url="html/e9bde387-cf0f-4cdb-f87b-2d99822f972f.htm" />
  <HelpKINode Title="LiquidCrystal.CursorOn method" Url="html/b624ca71-ce89-59eb-00e2-eac4fec6053c.htm" />
  <HelpKINode Title="LiquidCrystal.DisplayOn method" Url="html/fdb3ea81-f3a4-cca2-6937-a0ddd047a73e.htm" />
  <HelpKINode Title="LiquidCrystal.Home method" Url="html/c62dc60e-3721-b1e4-e270-98497538768a.htm" />
  <HelpKINode Title="LiquidCrystal.InitDevice method" Url="html/67e66c3d-a3a6-6cd1-fadf-1a17473084c9.htm" />
  <HelpKINode Title="LiquidCrystal.LiquidCrystal constructor" Url="html/fd23b29c-35ba-a61a-9461-d5e56ea57534.htm" />
  <HelpKINode Title="LiquidCrystal.Print method" Url="html/2371bdf8-f4c4-5726-053a-ddc527e4db1b.htm" />
  <HelpKINode Title="LiquidCrystal.SetCursor method" Url="html/f518e32d-7f8e-7dce-b5c1-016dc25c7268.htm" />
  <HelpKINode Title="LiquidCrystal.Write method" Url="html/d50e1174-7217-9879-d65d-d7950a558a7b.htm" />
  <HelpKINode Title="Magenta enumeration member" Url="html/c7160db7-dbb1-bcb9-e497-b3f07bbad3e7.htm" />
  <HelpKINode Title="MeasurementComplete event">
    <HelpKINode Title="Accelerometer.MeasurementComplete Event" Url="html/70c160ec-3549-4a8a-9afd-6c1479a107ac.htm" />
    <HelpKINode Title="Adxl345.MeasurementComplete Event" Url="html/e6b3dabd-880c-748e-2934-6be1228f4160.htm" />
    <HelpKINode Title="AnalogSensor.MeasurementComplete Event" Url="html/d88da9bd-74db-8033-3743-479c3674e08b.htm" />
    <HelpKINode Title="SensorTerminal.MeasurementComplete Event" Url="html/7f820517-7fd3-8546-f8e8-50046c716a5d.htm" />
    <HelpKINode Title="Temperature.MeasurementComplete Event" Url="html/4609fbe7-3c0a-4586-02b6-5c61bc14626d.htm" />
  </HelpKINode>
  <HelpKINode Title="MeasurementCompleteEventArgs class">
    <HelpKINode Title="fields" Url="html/ade55bed-4b5a-c8b6-70ec-5c331eb91230.htm" />
    <HelpKINode Title="fields" Url="html/ee5b80e2-2901-ff5e-166b-0ca2a0b78b0c.htm" />
    <HelpKINode Title="fields" Url="html/30a7f946-5ef9-8f7d-7555-6b7a71e0808c.htm" />
    <HelpKINode Title="fields" Url="html/ff577745-ae1f-7920-8650-ebda74f8cd3a.htm" />
    <HelpKINode Title="fields" Url="html/68c2675c-962a-9383-1b9a-78821966ab1f.htm" />
    <HelpKINode Title="methods" Url="html/4231fd5a-b0f2-edbb-cdcd-7094a649d7a9.htm" />
    <HelpKINode Title="methods" Url="html/c523f5a9-31e2-f868-49fa-dce36016acff.htm" />
    <HelpKINode Title="methods" Url="html/0071bbbe-1088-6c47-52d0-0d64989b4240.htm" />
    <HelpKINode Title="methods" Url="html/e3cd929d-a612-3447-6b8b-e75cd053e155.htm" />
    <HelpKINode Title="methods" Url="html/9e5b40b8-5f2b-4958-752b-b38595910db5.htm" />
  </HelpKINode>
  <HelpKINode Title="MeasurementRange property">
    <HelpKINode Title="Accelerometer.MeasurementRange Property " Url="html/8fbdbbfc-f770-2036-3189-74229559b70f.htm" />
    <HelpKINode Title="Adxl345.MeasurementRange Property " Url="html/2339b826-48f1-1b29-55d7-65648de18343.htm" />
  </HelpKINode>
  <HelpKINode Title="NetworkUtility class">
    <HelpKINode Title="NetworkUtility Class" Url="html/ac857798-c677-c1e1-ab14-3e99c00ab386.htm" />
    <HelpKINode Title="about NetworkUtility class" Url="html/ac857798-c677-c1e1-ab14-3e99c00ab386.htm" />
    <HelpKINode Title="methods" Url="html/7220b1b0-9ade-c68a-dd2e-9fbf44a800fa.htm" />
  </HelpKINode>
  <HelpKINode Title="NetworkUtility.InitNetwork method" Url="html/acbb1c3e-8603-89ae-4f03-fdac1a9c017b.htm" />
  <HelpKINode Title="Never enumeration member" Url="html/d599743a-d06e-5df0-2d7c-9226aa1ca42b.htm" />
  <HelpKINode Title="Peach class">
    <HelpKINode Title="Peach Class" Url="html/fc332625-22af-93aa-31a1-6fbe09f0a818.htm" />
    <HelpKINode Title="about Peach class" Url="html/fc332625-22af-93aa-31a1-6fbe09f0a818.htm" />
    <HelpKINode Title="constructor" Url="html/d23da9bc-7c88-5bf5-a691-dbe84dcfcdbe.htm" />
    <HelpKINode Title="methods" Url="html/9803c04d-5e39-b820-059d-3d015c45e322.htm" />
    <HelpKINode Title="properties" Url="html/882d9c5e-23e2-5539-3c59-b6a28bb7b813.htm" />
  </HelpKINode>
  <HelpKINode Title="Peach.Button property" Url="html/fd718483-2de1-ad98-008c-b6c6364dad40.htm" />
  <HelpKINode Title="Peach.Color enumeration" Url="html/c7160db7-dbb1-bcb9-e497-b3f07bbad3e7.htm" />
  <HelpKINode Title="Peach.Peach constructor" Url="html/d23da9bc-7c88-5bf5-a691-dbe84dcfcdbe.htm" />
  <HelpKINode Title="Peach.PulseDebugLed method" Url="html/f6b9cc47-343b-570c-a4d5-c50f497bf069.htm" />
  <HelpKINode Title="Peach.SetColor method" Url="html/8acbcc35-6ee8-12c5-28a6-454f750fa5c6.htm" />
  <HelpKINode Title="Peach.SetDebugLed method" Url="html/56f427d6-83dc-071c-3b96-94c9e67ec6d9.htm" />
  <HelpKINode Title="Peach.SetLeds method" Url="html/1a5053f6-c389-aebd-a754-eae1deac3a6c.htm" />
  <HelpKINode Title="Peach.TurnAllLedsOff method" Url="html/ebaa355e-a603-e18a-30ff-adf112280fc5.htm" />
  <HelpKINode Title="Pins class">
    <HelpKINode Title="Pins Class" Url="html/26f3c186-b310-f05b-421e-2139885166cb.htm" />
    <HelpKINode Title="about Pins class" Url="html/26f3c186-b310-f05b-421e-2139885166cb.htm" />
    <HelpKINode Title="fields" Url="html/1e90b728-dac9-2515-b556-e29d3d5d376e.htm" />
  </HelpKINode>
  <HelpKINode Title="Pins.ANALOG_0 field" Url="html/0d470d28-9352-83b0-032f-9eab6aed9354.htm" />
  <HelpKINode Title="Pins.ANALOG_1 field" Url="html/97ba1947-2243-7416-27b8-efe1f9f1e9c0.htm" />
  <HelpKINode Title="Pins.ANALOG_2 field" Url="html/7b583029-71ae-8cad-9b92-13b203812617.htm" />
  <HelpKINode Title="Pins.ANALOG_3 field" Url="html/5ef7ae42-eb84-36ee-4a6e-4a1e61159778.htm" />
  <HelpKINode Title="Pins.ANALOG_4 field" Url="html/a424e8cd-3551-a9b2-a96a-39c6e5ad2dbe.htm" />
  <HelpKINode Title="Pins.ANALOG_5 field" Url="html/219c0bdd-dd57-70c5-7866-ed093d6f05a6.htm" />
  <HelpKINode Title="Pins.GPIO_PIN_A0 field" Url="html/c0f116f5-4551-9ee1-182f-2c75b65c9c4a.htm" />
  <HelpKINode Title="Pins.GPIO_PIN_A1 field" Url="html/95baab29-6121-7392-bc2e-f9fbec02e06e.htm" />
  <HelpKINode Title="Pins.GPIO_PIN_A2 field" Url="html/9a3607bd-e8f8-eee6-66b1-bed4605909b9.htm" />
  <HelpKINode Title="Pins.GPIO_PIN_A3 field" Url="html/2c9d168e-2275-df91-9de1-60fe0923e94e.htm" />
  <HelpKINode Title="Pins.GPIO_PIN_A4 field" Url="html/fd41adc6-a10b-8ee4-68d2-7ddbe1027231.htm" />
  <HelpKINode Title="Pins.GPIO_PIN_A5 field" Url="html/095ebbca-9044-6271-61c8-6b2bcb8b384a.htm" />
  <HelpKINode Title="Pins.GPIO_PIN_D0 field" Url="html/bfce9ce5-56be-3984-c965-96ddb42ae141.htm" />
  <HelpKINode Title="Pins.GPIO_PIN_D1 field" Url="html/6f013ed7-123b-6486-e1a2-d10870b9b12f.htm" />
  <HelpKINode Title="Pins.GPIO_PIN_D10 field" Url="html/99a280a4-9118-5094-a4ae-53f4761aef17.htm" />
  <HelpKINode Title="Pins.GPIO_PIN_D11 field" Url="html/75733a39-26f5-1365-fbe0-e45c4892b2cd.htm" />
  <HelpKINode Title="Pins.GPIO_PIN_D12 field" Url="html/b2bab19f-e9c2-0770-a1ca-8a17f2f354c5.htm" />
  <HelpKINode Title="Pins.GPIO_PIN_D13 field" Url="html/955598dc-ba41-b9be-5e54-c51c84b2bca8.htm" />
  <HelpKINode Title="Pins.GPIO_PIN_D14 field" Url="html/8b8df4cb-943e-cb48-4edf-9866527fc233.htm" />
  <HelpKINode Title="Pins.GPIO_PIN_D15 field" Url="html/fac83284-3f91-1a91-8f7b-4beb3a96f80f.htm" />
  <HelpKINode Title="Pins.GPIO_PIN_D2 field" Url="html/29cb321a-2fca-600a-3361-fdce14f263d9.htm" />
  <HelpKINode Title="Pins.GPIO_PIN_D3 field" Url="html/b5648bf5-a006-4522-d2ad-0269168f2d26.htm" />
  <HelpKINode Title="Pins.GPIO_PIN_D4 field" Url="html/dbd0ce94-68e3-66f1-d143-0fc87d3030f3.htm" />
  <HelpKINode Title="Pins.GPIO_PIN_D5 field" Url="html/c6fce7b7-af53-44c9-46b1-340ccbf11b37.htm" />
  <HelpKINode Title="Pins.GPIO_PIN_D6 field" Url="html/4697e6e2-76ef-b4f0-0b8e-1b914a94a28c.htm" />
  <HelpKINode Title="Pins.GPIO_PIN_D7 field" Url="html/af2d0db8-fe63-d853-47fd-9ab66e8cd736.htm" />
  <HelpKINode Title="Pins.GPIO_PIN_D8 field" Url="html/9f5900b2-b196-c448-eb37-0d27a01f0b76.htm" />
  <HelpKINode Title="Pins.GPIO_PIN_D9 field" Url="html/6d17a0a8-2429-fd19-08ee-1f3db7aa1870.htm" />
  <HelpKINode Title="Pressed enumeration member" Url="html/28f354a4-1e31-85ee-f277-487e7a9b430e.htm" />
  <HelpKINode Title="PrevPressed field" Url="html/c0ab4ff8-7fc3-e1e6-1426-738af2639c78.htm" />
  <HelpKINode Title="Print method">
    <HelpKINode Title="I2CLiquidCrystal.Print Method " Url="html/a9c9cc7d-8aec-cbfa-fb11-7b173531feaf.htm" />
    <HelpKINode Title="LiquidCrystal.Print Method " Url="html/2371bdf8-f4c4-5726-053a-ddc527e4db1b.htm" />
  </HelpKINode>
  <HelpKINode Title="PulseDebugLed method">
    <HelpKINode Title="DebugLed.PulseDebugLed Method " Url="html/cdc2c8c6-9f93-cf0a-3c01-90aea92e720f.htm" />
    <HelpKINode Title="Peach.PulseDebugLed Method " Url="html/f6b9cc47-343b-570c-a4d5-c50f497bf069.htm" />
    <HelpKINode Title="Sakura.PulseDebugLed Method " Url="html/eb17c73c-9700-c821-aeff-f899298bde5e.htm" />
  </HelpKINode>
  <HelpKINode Title="RawValue field">
    <HelpKINode Title="AnalogSensor.MeasurementCompleteEventArgs.RawValue Field" Url="html/477080fa-7282-ffa8-9992-da235ef744a8.htm" />
    <HelpKINode Title="SensorTerminal.MeasurementCompleteEventArgs.RawValue Field" Url="html/203da3ea-75cf-77fe-db68-72e82c9eeda0.htm" />
  </HelpKINode>
  <HelpKINode Title="Read method">
    <HelpKINode Title="AnalogSensor.Read Method " Url="html/0e85d762-4f84-58fc-927a-13c14c6c762e.htm" />
    <HelpKINode Title="SensorTerminal.Read Method " Url="html/a8f6a5df-48b4-261d-9677-888fc11dc6dd.htm" />
  </HelpKINode>
  <HelpKINode Title="ReadRaw method">
    <HelpKINode Title="AnalogSensor.ReadRaw Method " Url="html/df4e8fb6-6714-7e77-ad2a-c7f2d48f286c.htm" />
    <HelpKINode Title="SensorTerminal.ReadRaw Method " Url="html/5d8b488c-f1d5-114a-f5d8-9c2be0f9fcde.htm" />
  </HelpKINode>
  <HelpKINode Title="Red enumeration member" Url="html/c7160db7-dbb1-bcb9-e497-b3f07bbad3e7.htm" />
  <HelpKINode Title="RegRead method" Url="html/eb84c153-9b1c-a980-abd7-5ea7160c1077.htm" />
  <HelpKINode Title="RegReads method" Url="html/5f1fcca5-58df-e544-9248-540daff181da.htm" />
  <HelpKINode Title="RegWrite method" Url="html/d7076f2f-130f-411c-8302-83a7848ad271.htm" />
  <HelpKINode Title="RegWriteMask method" Url="html/fd7d1d26-4452-34a6-3123-2fe8e2ea017b.htm" />
  <HelpKINode Title="Released enumeration member" Url="html/28f354a4-1e31-85ee-f277-487e7a9b430e.htm" />
  <HelpKINode Title="RootHidden enumeration member" Url="html/d599743a-d06e-5df0-2d7c-9226aa1ca42b.htm" />
  <HelpKINode Title="Sakura class">
    <HelpKINode Title="Sakura Class" Url="html/a458882d-c7db-aed7-0c29-24dee9ac1557.htm" />
    <HelpKINode Title="about Sakura class" Url="html/a458882d-c7db-aed7-0c29-24dee9ac1557.htm" />
    <HelpKINode Title="constructor" Url="html/05b3e53f-c3d8-a343-6468-b59cd7136109.htm" />
    <HelpKINode Title="methods" Url="html/9857aebe-f685-2e43-9f30-1d397ae56e10.htm" />
    <HelpKINode Title="properties" Url="html/66efb894-e42f-b865-ab62-90755963484f.htm" />
  </HelpKINode>
  <HelpKINode Title="Sakura.Animate method" Url="html/21cc001a-31e2-b97e-113a-317fd3118c01.htm" />
  <HelpKINode Title="Sakura.Button property" Url="html/1ab80973-6a0a-8a6d-6d05-efb059ad5409.htm" />
  <HelpKINode Title="Sakura.PulseDebugLed method" Url="html/eb17c73c-9700-c821-aeff-f899298bde5e.htm" />
  <HelpKINode Title="Sakura.Sakura constructor" Url="html/05b3e53f-c3d8-a343-6468-b59cd7136109.htm" />
  <HelpKINode Title="Sakura.SetDebugLed method" Url="html/bb84f037-49f3-f6c7-cab8-9362f99e36ef.htm" />
  <HelpKINode Title="Sakura.SetLeds method" Url="html/3f8b14e7-9337-2a85-c6ad-9cab85d9d58a.htm" />
  <HelpKINode Title="Sakura.TurnAllLedsOff method" Url="html/16c74c06-fbd6-c261-404d-2fb36d868106.htm" />
  <HelpKINode Title="SensorBoard class">
    <HelpKINode Title="SensorBoard Class" Url="html/271b4b8d-bad2-0edd-82f4-7d8d9b3dedb3.htm" />
    <HelpKINode Title="about SensorBoard class" Url="html/271b4b8d-bad2-0edd-82f4-7d8d9b3dedb3.htm" />
    <HelpKINode Title="constructor" Url="html/7ad9c7ef-3cef-31a1-ea68-860705c7d659.htm" />
    <HelpKINode Title="methods" Url="html/78d9eebe-480e-db0d-12ca-a27d7a30b504.htm" />
    <HelpKINode Title="properties" Url="html/94915c06-a45e-6cfd-8a90-e4702a05d55c.htm" />
  </HelpKINode>
  <HelpKINode Title="SensorBoard.Accelerometer property" Url="html/4d2ac51a-53db-74e1-f897-9428524b7054.htm" />
  <HelpKINode Title="SensorBoard.SensorBoard constructor" Url="html/7ad9c7ef-3cef-31a1-ea68-860705c7d659.htm" />
  <HelpKINode Title="SensorBoard.Temperature property" Url="html/6f478080-6156-3ec1-3ac4-656e28f5f882.htm" />
  <HelpKINode Title="SensorBoard.Terminal property" Url="html/1884fae0-7175-924c-43e2-556e52dbb3e9.htm" />
  <HelpKINode Title="SensorTerminal class">
    <HelpKINode Title="SensorTerminal Class" Url="html/9da262c3-9475-b93c-2317-7dd8e5f17ed9.htm" />
    <HelpKINode Title="about SensorTerminal class" Url="html/9da262c3-9475-b93c-2317-7dd8e5f17ed9.htm" />
    <HelpKINode Title="constructor" Url="html/aefd4ee8-c4c1-c6ba-59af-ea7a98c02918.htm" />
    <HelpKINode Title="events" Url="html/73511c64-7160-e0f6-0047-835c76545b2a.htm" />
    <HelpKINode Title="methods" Url="html/b9b321fc-be92-e895-0353-17b87978813b.htm" />
    <HelpKINode Title="properties" Url="html/dee9d3ef-8fe7-b83d-35ed-934931a3a71b.htm" />
  </HelpKINode>
  <HelpKINode Title="SensorTerminal.Interval property" Url="html/3421734f-08e8-f907-2d6c-276c89e2652d.htm" />
  <HelpKINode Title="SensorTerminal.MeasurementComplete event" Url="html/7f820517-7fd3-8546-f8e8-50046c716a5d.htm" />
  <HelpKINode Title="SensorTerminal.MeasurementCompleteEventArgs class">
    <HelpKINode Title="SensorTerminal.MeasurementCompleteEventArgs Class" Url="html/bb26c615-8858-0ebe-c2e2-df64b946bc67.htm" />
    <HelpKINode Title="about SensorTerminal.MeasurementCompleteEventArgs class" Url="html/bb26c615-8858-0ebe-c2e2-df64b946bc67.htm" />
    <HelpKINode Title="constructor" Url="html/76b65cfc-f66a-aed0-463a-9d2bb79cd49a.htm" />
  </HelpKINode>
  <HelpKINode Title="SensorTerminal.MeasurementCompleteEventArgs.MeasurementCompleteEventArgs constructor" Url="html/76b65cfc-f66a-aed0-463a-9d2bb79cd49a.htm" />
  <HelpKINode Title="SensorTerminal.MeasurementCompleteEventArgs.RawValue field" Url="html/203da3ea-75cf-77fe-db68-72e82c9eeda0.htm" />
  <HelpKINode Title="SensorTerminal.MeasurementCompleteEventArgs.Value field" Url="html/43b603a1-1420-3d7b-8b35-c47b0b51c393.htm" />
  <HelpKINode Title="SensorTerminal.Read method" Url="html/a8f6a5df-48b4-261d-9677-888fc11dc6dd.htm" />
  <HelpKINode Title="SensorTerminal.ReadRaw method" Url="html/5d8b488c-f1d5-114a-f5d8-9c2be0f9fcde.htm" />
  <HelpKINode Title="SensorTerminal.SensorTerminal constructor" Url="html/aefd4ee8-c4c1-c6ba-59af-ea7a98c02918.htm" />
  <HelpKINode Title="SensorTerminal.StartTakingMeasurements method" Url="html/fa00e196-7ba8-56e5-50c8-64972cb5f2ea.htm" />
  <HelpKINode Title="SensorTerminal.StopTakingMeasurements method" Url="html/20f09966-fcc1-3b9e-27ef-bb5f6df7bdbb.htm" />
  <HelpKINode Title="SetColor method" Url="html/8acbcc35-6ee8-12c5-28a6-454f750fa5c6.htm" />
  <HelpKINode Title="SetCursor method">
    <HelpKINode Title="I2CLiquidCrystal.SetCursor Method " Url="html/fa8a27a5-ad2e-11ed-2349-1d6d1b6a2d81.htm" />
    <HelpKINode Title="LiquidCrystal.SetCursor Method " Url="html/f518e32d-7f8e-7dce-b5c1-016dc25c7268.htm" />
  </HelpKINode>
  <HelpKINode Title="SetDebugLed method">
    <HelpKINode Title="Peach.SetDebugLed Method " Url="html/56f427d6-83dc-071c-3b96-94c9e67ec6d9.htm" />
    <HelpKINode Title="Sakura.SetDebugLed Method " Url="html/bb84f037-49f3-f6c7-cab8-9362f99e36ef.htm" />
  </HelpKINode>
  <HelpKINode Title="SetLed method" Url="html/3057f709-31b1-06a7-de97-911e682019a3.htm" />
  <HelpKINode Title="SetLeds method">
    <HelpKINode Title="Peach.SetLeds Method " Url="html/1a5053f6-c389-aebd-a754-eae1deac3a6c.htm" />
    <HelpKINode Title="Sakura.SetLeds Method " Url="html/3f8b14e7-9337-2a85-c6ad-9cab85d9d58a.htm" />
  </HelpKINode>
  <HelpKINode Title="StartTakingMeasurements method">
    <HelpKINode Title="Accelerometer.StartTakingMeasurements Method " Url="html/dd13afa4-d8b3-5852-7aac-980cad948b8f.htm" />
    <HelpKINode Title="Adxl345.StartTakingMeasurements Method " Url="html/388b599c-95ce-b8ea-a879-92892ba3dc1e.htm" />
    <HelpKINode Title="SensorTerminal.StartTakingMeasurements Method " Url="html/fa00e196-7ba8-56e5-50c8-64972cb5f2ea.htm" />
    <HelpKINode Title="Temperature.StartTakingMeasurements Method " Url="html/7e8a7620-69b7-bd42-b93c-1019ac10ddc7.htm" />
  </HelpKINode>
  <HelpKINode Title="StopTakingMeasurements method">
    <HelpKINode Title="Accelerometer.StopTakingMeasurements Method " Url="html/6d142d32-00db-fcef-e4e5-540b51b9cf6b.htm" />
    <HelpKINode Title="Adxl345.StopTakingMeasurements Method " Url="html/15ba7ace-8ee0-a5c1-2800-6de248d560ed.htm" />
    <HelpKINode Title="SensorTerminal.StopTakingMeasurements Method " Url="html/20f09966-fcc1-3b9e-27ef-bb5f6df7bdbb.htm" />
    <HelpKINode Title="Temperature.StopTakingMeasurements Method " Url="html/3134860d-3fdb-07b9-99b3-4c3320f4045a.htm" />
  </HelpKINode>
  <HelpKINode Title="System.Diagnostics namespace" Url="html/ef3b933d-2e9d-7a96-67d9-c295b0050d69.htm" />
  <HelpKINode Title="System.Diagnostics.DebuggerBrowsableState enumeration" Url="html/d599743a-d06e-5df0-2d7c-9226aa1ca42b.htm" />
  <HelpKINode Title="SystemTimeInitializer class">
    <HelpKINode Title="SystemTimeInitializer Class" Url="html/6f9ee269-12b0-1383-c4e9-9e1bef1dc277.htm" />
    <HelpKINode Title="about SystemTimeInitializer class" Url="html/6f9ee269-12b0-1383-c4e9-9e1bef1dc277.htm" />
    <HelpKINode Title="methods" Url="html/096fffed-7f5c-4440-6e6d-3012be2d0870.htm" />
  </HelpKINode>
  <HelpKINode Title="SystemTimeInitializer.InitSystemTime method" Url="html/1b0d3202-93f9-2cd2-7ed7-1a00d1ebd3be.htm" />
  <HelpKINode Title="TakeMeasurement method" Url="html/35edc9d1-a49f-2ab0-aeaf-37867609f155.htm" />
  <HelpKINode Title="Temperature class">
    <HelpKINode Title="Temperature Class" Url="html/203fdc44-022e-b45d-30cc-e9817a525f8a.htm" />
    <HelpKINode Title="about Temperature class" Url="html/203fdc44-022e-b45d-30cc-e9817a525f8a.htm" />
    <HelpKINode Title="events" Url="html/dcd6c89b-8429-39ca-42ef-9e42700875d8.htm" />
    <HelpKINode Title="methods" Url="html/fdf1671b-53a7-4d87-2615-da39978d24df.htm" />
    <HelpKINode Title="properties" Url="html/473ce472-c5cc-659d-cb77-79f2f078d87a.htm" />
  </HelpKINode>
  <HelpKINode Title="Temperature field" Url="html/4c6237d6-74b9-2986-35ab-6eb1214d94fd.htm" />
  <HelpKINode Title="Temperature property" Url="html/6f478080-6156-3ec1-3ac4-656e28f5f882.htm" />
  <HelpKINode Title="Temperature.Interval property" Url="html/812d05bc-c7e4-2d1e-b7a8-2564daa1884f.htm" />
  <HelpKINode Title="Temperature.MeasurementComplete event" Url="html/4609fbe7-3c0a-4586-02b6-5c61bc14626d.htm" />
  <HelpKINode Title="Temperature.MeasurementCompleteEventArgs class">
    <HelpKINode Title="Temperature.MeasurementCompleteEventArgs Class" Url="html/a3b1eb39-0eb0-a668-4064-5443c16f0a8c.htm" />
    <HelpKINode Title="about Temperature.MeasurementCompleteEventArgs class" Url="html/a3b1eb39-0eb0-a668-4064-5443c16f0a8c.htm" />
    <HelpKINode Title="constructor" Url="html/1bbd64d2-8cbc-c5c4-e314-febc644192f7.htm" />
  </HelpKINode>
  <HelpKINode Title="Temperature.MeasurementCompleteEventArgs.MeasurementCompleteEventArgs constructor" Url="html/1bbd64d2-8cbc-c5c4-e314-febc644192f7.htm" />
  <HelpKINode Title="Temperature.MeasurementCompleteEventArgs.Temperature field" Url="html/4c6237d6-74b9-2986-35ab-6eb1214d94fd.htm" />
  <HelpKINode Title="Temperature.StartTakingMeasurements method" Url="html/7e8a7620-69b7-bd42-b93c-1019ac10ddc7.htm" />
  <HelpKINode Title="Temperature.StopTakingMeasurements method" Url="html/3134860d-3fdb-07b9-99b3-4c3320f4045a.htm" />
  <HelpKINode Title="Temperature.TakeMeasurement method" Url="html/35edc9d1-a49f-2ab0-aeaf-37867609f155.htm" />
  <HelpKINode Title="TemperatureMeasurementCompleteEventHandler delegate" Url="html/57250975-5624-64c1-1563-2e97bf94eb0b.htm" />
  <HelpKINode Title="Terminal property" Url="html/1884fae0-7175-924c-43e2-556e52dbb3e9.htm" />
  <HelpKINode Title="TerminalMeasurementCompleteEventHandler delegate" Url="html/06efa035-abbb-8582-49d1-cc8e98bae48d.htm" />
  <HelpKINode Title="TurnAllLedsOff method">
    <HelpKINode Title="Peach.TurnAllLedsOff Method " Url="html/ebaa355e-a603-e18a-30ff-adf112280fc5.htm" />
    <HelpKINode Title="Sakura.TurnAllLedsOff Method " Url="html/16c74c06-fbd6-c261-404d-2fb36d868106.htm" />
  </HelpKINode>
  <HelpKINode Title="TwoG enumeration member">
    <HelpKINode Title="Accelerometer.Range Enumeration" Url="html/ffb9f291-dee2-7396-8d0f-7a011fb79148.htm" />
    <HelpKINode Title="Adxl345.Range Enumeration" Url="html/e8bbb0df-c057-7036-38b2-f056d8a39b85.htm" />
  </HelpKINode>
  <HelpKINode Title="Value field">
    <HelpKINode Title="AnalogSensor.MeasurementCompleteEventArgs.Value Field" Url="html/7e85316c-72f5-9061-a020-dae5f37c4ec9.htm" />
    <HelpKINode Title="SensorTerminal.MeasurementCompleteEventArgs.Value Field" Url="html/43b603a1-1420-3d7b-8b35-c47b0b51c393.htm" />
  </HelpKINode>
  <HelpKINode Title="White enumeration member" Url="html/c7160db7-dbb1-bcb9-e497-b3f07bbad3e7.htm" />
  <HelpKINode Title="Write method" Url="html/d50e1174-7217-9879-d65d-d7950a558a7b.htm" />
  <HelpKINode Title="WriteCharactor method" Url="html/ff319268-3e69-2ab4-661f-ef1d68ad80cc.htm" />
  <HelpKINode Title="WriteCommand method" Url="html/81f47ab2-6ed1-0621-aa6e-f8595bf225f2.htm" />
  <HelpKINode Title="X field">
    <HelpKINode Title="Accelerometer.MeasurementCompleteEventArgs.X Field" Url="html/9b848334-d2d0-1bab-f3d7-565d55bbae3e.htm" />
    <HelpKINode Title="Adxl345.MeasurementCompleteEventArgs.X Field" Url="html/0cff93cc-25cb-66e3-f9a1-a7e8a9c51fe7.htm" />
  </HelpKINode>
  <HelpKINode Title="Y field">
    <HelpKINode Title="Accelerometer.MeasurementCompleteEventArgs.Y Field" Url="html/f3b672e1-20f3-65a6-8f5b-7c7616339d85.htm" />
    <HelpKINode Title="Adxl345.MeasurementCompleteEventArgs.Y Field" Url="html/5a3bbd80-be28-514f-fb5f-030fa6862ec7.htm" />
  </HelpKINode>
  <HelpKINode Title="Yellow enumeration member" Url="html/c7160db7-dbb1-bcb9-e497-b3f07bbad3e7.htm" />
  <HelpKINode Title="Z field">
    <HelpKINode Title="Accelerometer.MeasurementCompleteEventArgs.Z Field" Url="html/b2e4ad39-8935-a2b9-0530-d9a23167765e.htm" />
    <HelpKINode Title="Adxl345.MeasurementCompleteEventArgs.Z Field" Url="html/e8f8a3a5-0594-3374-47b0-4187479ba41f.htm" />
  </HelpKINode>
</HelpKI>
