﻿<?xml version="1.0" encoding="utf-8"?><HelpTOCNode Title="Pins Fields" Url="html/1e90b728-dac9-2515-b556-e29d3d5d376e.htm"><HelpTOCNode Title="ANALOG_0 Field" Url="html/0d470d28-9352-83b0-032f-9eab6aed9354.htm" /><HelpTOCNode Title="ANALOG_1 Field" Url="html/97ba1947-2243-7416-27b8-efe1f9f1e9c0.htm" /><HelpTOCNode Title="ANALOG_2 Field" Url="html/7b583029-71ae-8cad-9b92-13b203812617.htm" /><HelpTOCNode Title="ANALOG_3 Field" Url="html/5ef7ae42-eb84-36ee-4a6e-4a1e61159778.htm" /><HelpTOCNode Title="ANALOG_4 Field" Url="html/a424e8cd-3551-a9b2-a96a-39c6e5ad2dbe.htm" /><HelpTOCNode Title="ANALOG_5 Field" Url="html/219c0bdd-dd57-70c5-7866-ed093d6f05a6.htm" /><HelpTOCNode Title="GPIO_PIN_A0 Field" Url="html/c0f116f5-4551-9ee1-182f-2c75b65c9c4a.htm" /><HelpTOCNode Title="GPIO_PIN_A1 Field" Url="html/95baab29-6121-7392-bc2e-f9fbec02e06e.htm" /><HelpTOCNode Title="GPIO_PIN_A2 Field" Url="html/9a3607bd-e8f8-eee6-66b1-bed4605909b9.htm" /><HelpTOCNode Title="GPIO_PIN_A3 Field" Url="html/2c9d168e-2275-df91-9de1-60fe0923e94e.htm" /><HelpTOCNode Title="GPIO_PIN_A4 Field" Url="html/fd41adc6-a10b-8ee4-68d2-7ddbe1027231.htm" /><HelpTOCNode Title="GPIO_PIN_A5 Field" Url="html/095ebbca-9044-6271-61c8-6b2bcb8b384a.htm" /><HelpTOCNode Title="GPIO_PIN_D0 Field" Url="html/bfce9ce5-56be-3984-c965-96ddb42ae141.htm" /><HelpTOCNode Title="GPIO_PIN_D1 Field" Url="html/6f013ed7-123b-6486-e1a2-d10870b9b12f.htm" /><HelpTOCNode Title="GPIO_PIN_D10 Field" Url="html/99a280a4-9118-5094-a4ae-53f4761aef17.htm" /><HelpTOCNode Title="GPIO_PIN_D11 Field" Url="html/75733a39-26f5-1365-fbe0-e45c4892b2cd.htm" /><HelpTOCNode Title="GPIO_PIN_D12 Field" Url="html/b2bab19f-e9c2-0770-a1ca-8a17f2f354c5.htm" /><HelpTOCNode Title="GPIO_PIN_D13 Field" Url="html/955598dc-ba41-b9be-5e54-c51c84b2bca8.htm" /><HelpTOCNode Title="GPIO_PIN_D14 Field" Url="html/8b8df4cb-943e-cb48-4edf-9866527fc233.htm" /><HelpTOCNode Title="GPIO_PIN_D15 Field" Url="html/fac83284-3f91-1a91-8f7b-4beb3a96f80f.htm" /><HelpTOCNode Title="GPIO_PIN_D2 Field" Url="html/29cb321a-2fca-600a-3361-fdce14f263d9.htm" /><HelpTOCNode Title="GPIO_PIN_D3 Field" Url="html/b5648bf5-a006-4522-d2ad-0269168f2d26.htm" /><HelpTOCNode Title="GPIO_PIN_D4 Field" Url="html/dbd0ce94-68e3-66f1-d143-0fc87d3030f3.htm" /><HelpTOCNode Title="GPIO_PIN_D5 Field" Url="html/c6fce7b7-af53-44c9-46b1-340ccbf11b37.htm" /><HelpTOCNode Title="GPIO_PIN_D6 Field" Url="html/4697e6e2-76ef-b4f0-0b8e-1b914a94a28c.htm" /><HelpTOCNode Title="GPIO_PIN_D7 Field" Url="html/af2d0db8-fe63-d853-47fd-9ab66e8cd736.htm" /><HelpTOCNode Title="GPIO_PIN_D8 Field" Url="html/9f5900b2-b196-c448-eb37-0d27a01f0b76.htm" /><HelpTOCNode Title="GPIO_PIN_D9 Field" Url="html/6d17a0a8-2429-fd19-08ee-1f3db7aa1870.htm" /></HelpTOCNode>