﻿<?xml version="1.0" encoding="utf-8"?><HelpTOCNode Title="GrFamily.Module" Url="html/23f674d8-1bc1-1b8c-f226-019db8ee6966.htm"><HelpTOCNode Title="Adxl345 Class" Url="html/ffd3845a-22c8-086b-6389-29f0a52a2de8.htm" HasChildren="true" /><HelpTOCNode Title="Adxl345.MeasurementCompleteEventArgs Class" Url="html/8267675a-36a7-dbaf-527b-8aa32a71b32b.htm" HasChildren="true" /><HelpTOCNode Title="Adxl345.Range Enumeration" Url="html/e8bbb0df-c057-7036-38b2-f056d8a39b85.htm" /><HelpTOCNode Title="Adxl345MeasurementCompleteEventHandler Delegate" Url="html/a1bcf714-d332-ed05-5088-0002aba6300e.htm" /><HelpTOCNode Title="AnalogMeasurementCompleteEventHandler Delegate" Url="html/f7de1c6f-81e4-3d7f-b6dd-d1fd89db9aab.htm" /><HelpTOCNode Title="AnalogSensor Class" Url="html/47f108d5-1723-a79c-4c28-22f0c431806e.htm" HasChildren="true" /><HelpTOCNode Title="AnalogSensor.MeasurementCompleteEventArgs Class" Url="html/52d86c8f-c292-7d82-91d4-68ed680b1fdc.htm" HasChildren="true" /><HelpTOCNode Title="I2CDeviceEx Class" Url="html/72edf364-5cef-b1bd-d94d-01798f8599d3.htm" HasChildren="true" /><HelpTOCNode Title="I2CLiquidCrystal Class" Url="html/1313d2ad-ae8f-1eee-1896-74b19c82835e.htm" HasChildren="true" /><HelpTOCNode Title="LiquidCrystal Class" Url="html/46f86547-7374-daa8-f170-7dff772c5175.htm" HasChildren="true" /></HelpTOCNode>