﻿<?xml version="1.0" encoding="utf-8"?><HelpTOCNode Title="GrFamily.ExternalBoard" Url="html/4e4670cd-8183-e911-656b-720b08ef2b43.htm"><HelpTOCNode Title="Accelerometer Class" Url="html/602efda2-f899-0693-d390-0f7aff49e81c.htm" HasChildren="true" /><HelpTOCNode Title="Accelerometer.MeasurementCompleteEventArgs Class" Url="html/a55f83df-7cb9-3e48-1e0a-c558fea71d15.htm" HasChildren="true" /><HelpTOCNode Title="Accelerometer.Range Enumeration" Url="html/ffb9f291-dee2-7396-8d0f-7a011fb79148.htm" /><HelpTOCNode Title="AccelerometerMeasurementCompleteEventHandler Delegate" Url="html/44b9cc91-c481-b50a-5bcf-919173e6c400.htm" /><HelpTOCNode Title="SensorBoard Class" Url="html/271b4b8d-bad2-0edd-82f4-7d8d9b3dedb3.htm" HasChildren="true" /><HelpTOCNode Title="SensorTerminal Class" Url="html/9da262c3-9475-b93c-2317-7dd8e5f17ed9.htm" HasChildren="true" /><HelpTOCNode Title="SensorTerminal.MeasurementCompleteEventArgs Class" Url="html/bb26c615-8858-0ebe-c2e2-df64b946bc67.htm" HasChildren="true" /><HelpTOCNode Title="Temperature Class" Url="html/203fdc44-022e-b45d-30cc-e9817a525f8a.htm" HasChildren="true" /><HelpTOCNode Title="Temperature.MeasurementCompleteEventArgs Class" Url="html/a3b1eb39-0eb0-a668-4064-5443c16f0a8c.htm" HasChildren="true" /><HelpTOCNode Title="TemperatureMeasurementCompleteEventHandler Delegate" Url="html/57250975-5624-64c1-1563-2e97bf94eb0b.htm" /><HelpTOCNode Title="TerminalMeasurementCompleteEventHandler Delegate" Url="html/06efa035-abbb-8582-49d1-cc8e98bae48d.htm" /></HelpTOCNode>