﻿<?xml version="1.0" encoding="utf-8"?><HelpTOCNode Title="I2CLiquidCrystal Methods" Url="html/bb3ac7d4-b3d3-ed02-6bd9-12a4cb77c4f4.htm"><HelpTOCNode Title="BlinkOn Method " Url="html/5ee71986-1651-0ebc-9040-4295d76da9b4.htm" /><HelpTOCNode Title="Clear Method " Url="html/3acb96c8-52ae-05de-7aa5-4c082f29c05b.htm" /><HelpTOCNode Title="CursorOn Method " Url="html/576a850f-6b30-18d0-f228-c9f93f0ddfca.htm" /><HelpTOCNode Title="DisplayOn Method " Url="html/12f9de81-f663-1297-06c0-155862e0ce49.htm" /><HelpTOCNode Title="Home Method " Url="html/20fa5171-64c1-1361-9ca4-40a61f97236e.htm" /><HelpTOCNode Title="Print Method " Url="html/a9c9cc7d-8aec-cbfa-fb11-7b173531feaf.htm" /><HelpTOCNode Title="SetCursor Method " Url="html/fa8a27a5-ad2e-11ed-2349-1d6d1b6a2d81.htm" /><HelpTOCNode Title="WriteCharactor Method " Url="html/ff319268-3e69-2ab4-661f-ef1d68ad80cc.htm" /><HelpTOCNode Title="WriteCommand Method " Url="html/81f47ab2-6ed1-0621-aa6e-f8595bf225f2.htm" /></HelpTOCNode>